tree
version=v4
num_class=1
num_tree_per_iteration=1
label_index=0
max_feature_idx=2
objective=regression
feature_names=distance_km available_stock required_stock
feature_infos=[0.63664467863578433:29.991671361940853] [0:99] [1:9]
tree_sizes=1466 1516 1511 1443 1436 1439 1444 1283 1674 1285 1681 1206 1611 1607 1210 1289 1130 1136 1051 1132 1130 976 1463 1053 1131 1219 896 1050 1223 1226 1227 1224 1143 1384 1222 1146 1304 1143 1140 1227 1217 1141 1148 1220 1306 1311 1142 1147 1141 1391 895 976 894 1061 1231 1307 900 817 1062 1147 1143 1231 899 1146 900 740 902 1057 1228 734 1225 1226 980 816 1140 1146 1143 1143 898 735 895 1231 657 1236 895 655 809 1064 902 901 1063 1142 822 984 905 814 1154 1230 1064 820

Tree=0
num_leaves=17
num_cat=0
split_feature=1 0 2 0 0 0 0 0 1 1 0 0 0 0 0 0
split_gain=73643.5 40487.4 7881.74 5397.53 5024.62 807.251 624.966 495.311 380.313 378.573 258.549 166.895 89.2521 69.6341 35.3453 31.6563
threshold=6.5000000000000009 14.418736221487327 5.5000000000000009 22.741835625318455 8.3656736254428772 3.8228349831299124 19.934859209554173 26.142808481210935 13.500000000000002 19.500000000000004 10.096099547743719 5.94828825450809 28.89516171689554 24.089249240015345 1.8636825574408198 21.078867461471447
decision_type=2 2 2 2 2 2 2 2 2 2 2 2 2 2 2 2
left_child=2 4 -1 6 5 14 9 13 -6 -3 -10 -7 -9 -5 -2 -8
right_child=1 3 -4 7 8 11 15 12 10 -11 -12 -13 -14 -15 -16 -17
leaf_value=79.447434461193708 83.462761821746838 81.389168758094314 77.132827909333372 81.239844116794657 81.95858457088471 83.074388019056883 81.504226702321333 80.833634037971507 82.6501561565657 81.858821036279949 82.335627082834094 82.836399334760813 80.610112714560145 81.04506582188607 83.327081964810702 81.370785023476941
leaf_weight=31 32 20 28 29 20 68 32 80 37 121 89 52 23 50 48 40
leaf_count=31 32 20 28 29 20 68 32 80 37 121 89 52 23 50 48 40
internal_value=81.7492 82.0199 78.349 81.3281 82.8097 83.1353 81.6698 80.9282 82.3637 81.7922 82.428 82.9713 80.7837 81.1166 83.3814 81.4301
internal_weight=800 741 59 395 346 200 213 182 146 141 126 120 103 79 80 72
internal_count=800 741 59 395 346 200 213 182 146 141 126 120 103 79 80 72
is_linear=0
shrinkage=1


Tree=1
num_leaves=17
num_cat=0
split_feature=1 0 2 0 0 0 0 0 1 1 0 0 0 0 0 0
split_gain=59651.2 32794.8 6384.21 4372 4069.94 654.513 506.222 401.202 308.054 306.644 218.409 114.597 77.5738 56.4036 41.3062 25.6416
threshold=6.5000000000000009 14.418736221487327 5.5000000000000009 22.741835625318455 8.3656736254428772 3.9764433473817271 19.934859209554173 26.142808481210935 13.500000000000002 19.500000000000004 11.179828851745265 5.94828825450809 28.135005988907018 24.089249240015345 1.8636825574408198 21.078867461471447
decision_type=2 2 2 2 2 2 2 2 2 2 2 2 2 2 2 2
left_child=2 4 -1 6 5 14 9 13 -6 -3 -10 -7 -9 -5 -2 -8
right_child=1 3 -4 7 8 11 15 12 10 -11 -12 -13 -14 -15 -16 -17
leaf_value=-2.071574204967868 1.5422204732894897 -0.32401331925764681 -4.1547201292855398 -0.45840551524326723 0.18846089839935304 1.1813177514076234 -0.22046117792779116 -0.79397144075167381 0.75578093026813709 0.098673717442068681 0.49126087409862579 0.97849420859263503 -0.96940952756188148 -0.63370597445964816 1.3997975485665459 -0.34055869422852991
leaf_weight=31 32 20 28 29 20 60 32 59 57 121 69 52 44 50 56 40
leaf_count=31 32 20 28 29 20 60 32 59 57 121 69 52 44 50 56 40
internal_value=5.26092e-09 0.243659 -3.06019 -0.378975 0.954469 1.2475 -0.0714453 -0.738887 0.553053 0.0387181 0.610925 1.08715 -0.868916 -0.569355 1.45159 -0.287182
internal_weight=800 741 59 395 346 200 213 182 146 141 126 112 103 79 88 72
internal_count=800 741 59 395 346 200 213 182 146 141 126 112 103 79 88 72
is_linear=0
shrinkage=0.1


Tree=2
num_leaves=17
num_cat=0
split_feature=1 0 2 0 0 0 0 2 0 1 0 0 0 0 0 0
split_gain=48317.5 26563.8 5171.21 3541.32 3301.14 561.498 423.94 367.945 325.028 219.277 172.423 117.966 57.521 55.2012 52.9472 22.3408
threshold=6.5000000000000009 14.418736221487327 5.5000000000000009 22.741835625318455 8.5306738403026436 3.8228349831299124 18.899843761481211 7.5000000000000009 26.382008273306816 15.500000000000002 10.096099547743719 5.94828825450809 28.89516171689554 21.042039153140013 24.089249240015345 1.8636825574408198
decision_type=2 2 2 2 2 2 2 2 2 2 2 2 2 2 2 2
left_child=2 4 -1 6 5 15 7 -3 14 -6 -11 -7 -10 -8 -5 -2
right_child=1 3 -4 8 9 11 13 -9 12 10 -12 -13 -14 -15 -16 -17
leaf_value=-1.8644168240408743 1.387998414039612 0.17219964624875608 -3.7392480986458914 -0.4125649657742731 0.20613936755968179 1.0719818732317756 -0.15076592784036291 -0.23515260880192124 -0.74716408542684609 0.74190566539764413 0.47042673100000143 0.87598880359104703 -0.92822281381358263 -0.30200771862684295 -0.57903569436499047 1.2801288445790611
leaf_weight=31 32 85 28 29 23 68 55 30 74 32 87 56 23 43 56 48
leaf_count=31 32 85 28 29 23 68 55 30 74 32 87 56 23 43 56 48
internal_value=2.51236e-09 0.219293 -2.75417 -0.341078 0.859022 1.11673 -0.0643008 0.0659338 -0.664998 0.488798 0.543429 0.983469 -0.790096 -0.217127 -0.52224 1.32328
internal_weight=800 741 59 395 346 204 213 115 182 142 119 124 97 98 85 80
internal_count=800 741 59 395 346 204 213 115 182 142 119 124 97 98 85 80
is_linear=0
shrinkage=0.1


Tree=3
num_leaves=16
num_cat=0
split_feature=1 0 2 0 0 0 2 0 0 2 0 0 0 0 1
split_gain=39137.2 21527.9 4188.68 2805.53 2745.06 454.813 384.967 516.076 336.395 215.263 217.108 96.4075 55.6671 54.2558 20.4901
threshold=6.5000000000000009 14.477772598051393 5.5000000000000009 22.204850371571982 8.5306738403026436 3.8228349831299124 8.5000000000000018 17.538964377932366 26.142808481210935 7.5000000000000009 12.237932368126677 5.8646495111921215 24.089249240015345 28.135005988907018 41.500000000000007
decision_type=2 2 2 2 2 2 2 2 2 2 2 2 2 2 2
left_child=2 4 -1 6 5 14 7 -3 12 10 -6 -7 -5 -10 -2
right_child=1 3 -4 8 9 11 -8 -9 13 -11 -12 -13 -14 -15 -16
leaf_value=-1.6779751318116345 1.2390876293182373 0.23407933372363915 -3.3653233051300049 -0.35626689046621324 0.60634970916828645 0.96912870700542753 -0.40355665050446987 -0.12490279127747934 -0.64156766644978935 0.1973976222674052 0.32364596741443336 0.7925722594988549 -0.51243179440498354 -0.78828772848302675 1.1377430689962287
leaf_weight=31 42 64 28 42 71 65 26 107 59 30 44 59 50 44 38
leaf_count=31 42 64 28 42 71 65 26 107 59 30 44 59 50 44 38
internal_value=-5.50877e-10 0.197363 -2.47875 -0.311219 0.768608 1.00505 -0.0450558 0.00945309 -0.580113 0.435953 0.498185 0.885122 -0.441139 -0.704244 1.19095
internal_weight=800 741 59 392 349 204 197 171 195 145 115 124 92 103 80
internal_count=800 741 59 392 349 204 197 171 195 145 115 124 92 103 80
is_linear=0
shrinkage=0.1


Tree=4
num_leaves=16
num_cat=0
split_feature=1 0 2 0 0 2 0 0 1 0 0 0 0 0 0
split_gain=31701.1 17437.6 3392.83 2275.29 2235 315.227 470.96 257.75 246.937 219.044 213.847 44.8966 32.9437 28.9118 17.6657
threshold=6.5000000000000009 14.477772598051393 5.5000000000000009 22.741835625318455 7.5756857643161917 8.5000000000000018 17.538964377932366 3.8228349831299124 13.500000000000002 10.096099547743719 26.142808481210935 28.540024807458199 5.8646495111921215 24.089249240015345 1.8636825574408198
decision_type=2 2 2 2 2 2 2 2 2 2 2 2 2 2 2
left_child=2 4 -1 5 7 6 -3 14 -6 -10 13 -12 -9 -5 -2
right_child=1 3 -4 10 8 -7 -8 12 9 -11 11 -13 -14 -15 -16
leaf_value=-1.51017755693005 1.1294068932533265 0.21067139883525671 -3.0287909814289637 -0.33568176280321749 0.10200817883014679 -0.36817448415261295 -0.12622539162856794 0.87221578671382027 0.62827692936206692 0.38013296966319499 -0.59149571828646208 -0.73680825312932341 0.75073498417349427 -0.46118862330913546 1.0334855278333028
leaf_weight=31 32 64 28 29 20 28 118 65 58 92 73 30 34 50 48
leaf_count=31 32 64 28 29 20 28 118 65 58 92 73 30 34 50 48
internal_value=-1.37044e-09 0.177627 -2.23088 -0.280097 0.691747 -0.055812 -0.00775619 0.938365 0.432073 0.476082 -0.538888 -0.63382 0.830495 -0.415116 1.07185
internal_weight=800 741 59 392 349 210 182 179 170 150 182 103 99 79 80
internal_count=800 741 59 392 349 210 182 179 170 150 182 103 99 79 80
is_linear=0
shrinkage=0.1


Tree=5
num_leaves=16
num_cat=0
split_feature=1 0 1 0 0 1 0 0 0 1 0 0 0 1 0
split_gain=25677.9 14127 2961.44 1908.95 1764.7 253.092 297.976 249.936 208.778 205.545 170.306 63.5349 26.6844 16.2142 12.6492
threshold=6.5000000000000009 14.418736221487327 2.5000000000000004 21.912209012064341 7.5756857643161917 17.500000000000004 18.337569472779709 24.822671958205934 3.8228349831299124 13.500000000000002 12.362627424543916 27.650288110694461 5.8646495111921215 41.500000000000007 24.089249240015345
decision_type=2 2 2 2 2 2 2 2 2 2 2 2 2 2 2
left_child=2 4 -1 5 8 -3 -7 14 13 -6 -11 -9 -10 -2 -5
right_child=1 3 -4 7 9 6 -8 11 12 10 -12 -13 -14 -15 -16
leaf_value=-2.7790789392259385 1.0074910243352255 -0.34911553178514754 -1.3570110763423147 -0.28703275425176994 0.091807360649108882 0.14221822202696907 -0.12323073031781595 -0.48128902190168144 0.7849942346719595 0.49818294126954349 0.25438511065947705 -0.62170694399688209 0.67566149059463954 0.91733870255319694 -0.37636302035787833
leaf_weight=27 42 21 32 51 20 91 79 71 65 108 39 59 34 38 23
leaf_count=27 42 21 32 51 20 91 79 71 65 108 39 59 34 38 23
internal_value=2.74088e-09 0.159864 -2.00779 -0.24879 0.626392 -0.0215958 0.0188625 -0.461506 0.844529 0.39258 0.433502 -0.545017 0.747446 0.964669 -0.314798
internal_weight=800 741 59 395 346 191 170 204 179 167 147 130 99 80 74
internal_count=800 741 59 395 346 191 170 204 179 167 147 130 99 80 74
is_linear=0
shrinkage=0.1


Tree=6
num_leaves=16
num_cat=0
split_feature=1 0 2 0 0 2 0 0 0 2 0 0 0 0 0
split_gain=20799.1 11442.9 2779.91 1546.25 1453.63 241.698 268.434 239.272 204.218 172.287 136.535 37.5394 35.0018 29.8359 18.2699
threshold=6.5000000000000009 14.418736221487327 5.5000000000000009 21.912209012064341 8.5306738403026436 8.5000000000000018 17.538964377932366 3.9764433473817271 26.065414849236827 7.5000000000000009 10.096099547743719 5.94828825450809 28.89516171689554 24.089249240015345 1.8636825574408198
decision_type=2 2 2 2 2 2 2 2 2 2 2 2 2 2 2
left_child=2 4 -1 5 7 6 -3 14 13 10 -6 -9 -10 -5 -2
right_child=1 3 -4 8 9 -7 -8 11 12 -11 -12 -13 -14 -15 -16
leaf_value=-1.1546490069358579 0.91937951147556307 0.18143311062771264 -2.5292649916240149 -0.25832947958626001 0.55265490278120966 -0.30282001025401634 -0.078925055288004156 0.69539073427518217 -0.48130994489394041 0.10064673937600235 0.30629343328679481 0.58154853241784232 -0.62072025278340215 -0.36877513718097771 0.82465990270887102
leaf_weight=31 32 66 28 51 31 26 99 60 83 29 82 56 23 47 56
leaf_count=31 32 66 28 51 31 26 99 60 83 29 82 56 23 47 56
internal_value=-1.02166e-09 0.143878 -1.80701 -0.223911 0.563753 -0.0194362 0.0252182 0.734761 -0.415356 0.318078 0.373879 0.640432 -0.511559 -0.311298 0.859103
internal_weight=800 741 59 395 346 191 165 204 204 142 113 116 106 98 88
internal_count=800 741 59 395 346 191 165 204 204 142 113 116 106 98 88
is_linear=0
shrinkage=0.1


Tree=7
num_leaves=14
num_cat=0
split_feature=1 0 1 1 0 0 0 0 2 0 0 1 0
split_gain=17106.7 10413.3 1671.61 1484.56 1440.51 1160.16 199.201 182.873 159.044 189.323 108.87 78.9028 29.7229
threshold=5.5000000000000009 14.477772598051393 2.5000000000000004 11.500000000000002 21.078867461471447 8.5306738403026436 24.822671958205934 16.204368037799302 7.5000000000000009 10.096099547743719 3.9764433473817271 20.500000000000004 1.8636825574408198
decision_type=2 2 2 2 2 2 2 2 2 2 2 2 2
left_child=2 5 -1 -3 7 10 -6 -5 9 -7 12 -12 -2
right_child=1 3 -4 4 6 8 -8 -9 -10 -11 11 -13 -14
leaf_value=-2.3246121362403591 0.82744158282876024 -1.0303433807058768 -1.1644834922707599 0.23699212100457503 -0.24184342257596636 0.55875482633709905 -0.43666352414556092 -0.016567963600249553 0.093458142280578624 0.27291917848799913 0.77464163195003166 0.56467979084700348 0.70701343469452438
leaf_weight=27 32 22 23 37 91 32 124 123 30 84 22 96 57
leaf_count=27 32 22 23 37 91 32 124 123 30 84 22 96 57
internal_value=1.07684e-10 0.119397 -1.79095 -0.231967 -0.185128 0.514556 -0.354205 0.0420678 0.298693 0.35177 0.666808 0.603825 0.750313
internal_weight=800 750 50 397 375 353 215 160 146 116 207 118 89
internal_count=800 750 50 397 375 353 215 160 146 116 207 118 89
is_linear=0
shrinkage=0.1


Tree=8
num_leaves=19
num_cat=0
split_feature=1 0 2 0 0 0 0 0 0 0 1 1 0 1 1 1 1 0
split_gain=13974.3 7787.79 4975.27 907.182 835.296 183.129 126.167 96.3052 85.6096 78.7575 40.619 32.308 31.1435 18.9379 13.7458 10.8604 9.05508 9.03526
threshold=8.5000000000000018 16.204368037799302 5.5000000000000009 9.1736008609276691 22.741835625318455 3.9764433473817271 19.934859209554173 27.650288110694461 12.362627424543916 8.4648215853707889 24.500000000000004 85.500000000000014 5.94828825450809 38.500000000000007 41.500000000000007 76.500000000000014 41.500000000000007 28.89516171689554
decision_type=2 2 2 2 2 2 2 2 2 2 2 2 2 2 2 2 2 2
left_child=2 3 9 5 6 14 10 11 16 -1 -3 -6 -7 -8 -2 -10 -5 -9
right_child=1 4 -4 8 7 12 13 17 15 -11 -12 -13 -14 -15 -16 -17 -18 -19
leaf_value=-0.69977206468582154 0.74094043970108037 0.1495907633396035 -2.1938429678187652 0.39714637954647725 -0.32875392098664025 0.56688622989152604 -0.068246359818361024 -0.42700002060996162 0.18270918939835751 -0.42249536457515902 -0.0049377014605949329 -0.20139640638232234 0.46853813027610647 -0.17992914635070353 0.66003555229731969 0.2654282019251869 0.323871565827479 -0.5072382056194803
leaf_weight=20 42 22 34 26 98 57 22 36 65 21 75 25 74 49 42 21 48 23
leaf_count=20 42 22 34 26 98 57 22 36 65 21 75 25 74 49 42 21 48 23
internal_value=1.67635e-09 0.134426 -1.29945 0.451059 -0.204824 0.585234 -0.0440314 -0.353249 0.270761 -0.557752 0.03011 -0.302868 0.511331 -0.145323 0.700488 0.202908 0.349617 -0.458279
internal_weight=800 725 75 375 350 215 168 182 160 41 97 123 131 71 84 86 74 59
internal_count=800 725 75 375 350 215 168 182 160 41 97 123 131 71 84 86 74 59
is_linear=0
shrinkage=0.1


Tree=9
num_leaves=14
num_cat=0
split_feature=1 0 1 1 0 0 0 2 0 0 0 1 0
split_gain=11687.9 6991.28 1361.21 1034.13 949.12 804.487 146.175 116.658 146.734 116.62 77.0853 88.9243 20.4618
threshold=5.5000000000000009 14.477772598051393 2.5000000000000004 11.500000000000002 21.042039153140013 8.5306738403026436 24.822671958205934 7.5000000000000009 9.5585854355305546 16.204368037799302 3.8228349831299124 20.500000000000004 1.8636825574408198
decision_type=2 2 2 2 2 2 2 2 2 2 2 2 2
left_child=2 5 -1 -3 9 10 -6 8 -7 -5 12 -12 -2
right_child=1 3 -4 4 6 7 -8 -9 -10 -11 11 -13 -14
leaf_value=-1.9619322776794434 0.6875635888427496 -0.85555002052675599 -0.9150412289344747 0.19256278176766795 -0.19107692130900764 0.53458729743957523 -0.35642136793823975 0.066948270046462616 0.23684304419439287 -0.010506653937045486 0.67810930687448256 0.46063249935802908 0.58475214048307778
leaf_weight=27 32 22 23 37 94 20 124 30 96 120 23 103 49
leaf_count=27 32 22 23 37 94 20 124 30 96 120 23 103 49
internal_value=1.90327e-09 0.0986908 -1.48036 -0.189208 -0.150116 0.422475 -0.285126 0.24272 0.288178 0.0373505 0.549259 0.500331 0.625369
internal_weight=800 750 50 397 375 353 218 146 116 157 207 126 81
internal_count=800 750 50 397 375 353 218 146 116 157 207 126 81
is_linear=0
shrinkage=0.1


Tree=10
num_leaves=19
num_cat=0
split_feature=1 0 2 0 0 0 0 0 0 0 1 0 1 1 1 1 1 0
split_gain=9537.45 5104.99 3909.65 687.463 454.022 126.771 89.8898 89.8662 58.6167 42.7443 24.753 24.4737 23.692 20.4337 18.322 10.681 7.03885 6.31684
threshold=8.5000000000000018 17.110245379773662 5.5000000000000009 9.1736008609276691 24.089249240015345 3.9764433473817271 12.362627424543916 19.934859209554173 8.4648215853707889 27.650288110694461 85.500000000000014 5.94828825450809 30.500000000000004 22.500000000000004 38.500000000000007 41.500000000000007 41.500000000000007 28.89516171689554
decision_type=2 2 2 2 2 2 2 2 2 2 2 2 2 2 2 2 2 2
left_child=2 3 8 5 7 15 16 12 -1 10 -6 -7 -3 -8 -9 -2 -5 -11
right_child=1 4 -4 6 9 11 13 14 -10 17 -12 -13 -14 -15 -16 -17 -18 -19
leaf_value=-0.53855562090873721 0.60487404607591178 0.10507798057049514 -1.8663675742990831 0.33603118680990662 -0.29319989509466621 0.46108205360278753 0.24229158565402031 -0.069072269744450049 -0.29934630337215606 -0.34727141248683135 -0.17200044691562655 0.37389890861672326 -0.022018977759236641 0.13031454578423027 -0.16162329557473246 0.53355659899257479 0.27142716981470588 -0.41436188506043481
leaf_weight=20 42 20 34 26 72 57 20 31 21 36 22 74 55 88 69 42 48 23
leaf_count=20 42 20 34 26 72 57 20 31 21 36 22 74 55 88 69 42 48 23
internal_value=-7.32485e-10 0.111054 -1.07352 0.35225 -0.180882 0.473322 0.209224 -0.0708728 -0.416034 -0.306709 -0.264834 0.411834 0.0118735 0.151051 -0.132932 0.569215 0.294126 -0.373425
internal_weight=800 725 75 397 328 215 182 175 41 153 94 131 75 108 100 84 74 59
internal_count=800 725 75 397 328 215 182 175 41 153 94 131 75 108 100 84 74 59
is_linear=0
shrinkage=0.1


Tree=11
num_leaves=13
num_cat=0
split_feature=1 0 1 1 0 0 2 0 0 1 1 0
split_gain=7985.19 4742.93 1108.5 695.536 740.18 391.792 132.597 96.4707 96.305 84.8513 76.2336 102.745
threshold=5.5000000000000009 13.143378091461908 2.5000000000000004 11.500000000000002 21.078867461471447 8.5306738403026436 7.5000000000000009 26.382008273306816 18.793028967518243 28.500000000000004 15.500000000000002 3.8228349831299124
decision_type=2 2 2 2 2 2 2 2 2 2 2 2
left_child=2 5 -1 -3 8 10 9 -6 -5 -7 -2 -12
right_child=1 3 -4 4 7 6 -8 -9 -10 -11 11 -13
leaf_value=-1.6581853636988886 0.63376547325225108 -0.67204181428836751 -0.71345777459766557 0.084584634000379036 -0.17621393959984305 0.46383717581629758 0.029476725337681947 -0.31179077870898197 -0.070951351993962339 0.2299077930819729 0.52523722918066262 0.37303004049885591
leaf_weight=27 21 23 23 132 124 20 27 91 57 69 73 113
leaf_count=27 21 23 23 132 124 20 27 91 57 69 73 113
internal_value=-5.59958e-11 0.081574 -1.22361 -0.137142 -0.106689 0.370712 0.223588 -0.233598 0.037677 0.282476 0.453158 0.432767
internal_weight=800 750 50 427 404 323 116 215 189 89 207 186
internal_count=800 750 50 427 404 323 116 215 189 89 207 186
is_linear=0
shrinkage=0.1


Tree=12
num_leaves=18
num_cat=0
split_feature=1 0 0 1 0 0 0 1 0 0 0 1 1 1 1 1 0
split_gain=6544.59 3379.35 3375.27 946.814 428.716 304.364 83.2664 58.4908 55.7252 51.5383 28.0575 21.3604 20.3954 20.0093 15.8754 10.4112 4.50907
threshold=8.5000000000000018 11.751756312147275 17.110245379773662 3.5000000000000004 9.1736008609276691 24.089249240015345 5.2480642425750119 16.500000000000004 19.934859209554173 12.362627424543916 27.650288110694461 30.500000000000004 48.500000000000007 85.500000000000014 38.500000000000007 65.500000000000014 28.89516171689554
decision_type=2 2 2 2 2 2 2 2 2 2 2 2 2 2 2 2 2
left_child=1 3 4 -1 6 8 12 -6 11 -9 13 -4 -2 -7 -10 -8 -12
right_child=2 -3 5 -5 7 10 15 9 14 -11 16 -13 -14 -15 -16 -17 -18
leaf_value=-0.83156458593550198 0.4776617117226124 -1.7113842961192132 0.098344060480594631 0.087875237067540496 0.31723442053794865 -0.23998538074859732 0.28367954965304726 0.22161365116771778 -0.044740327039072596 0.10501769936533385 -0.28036449311508077 -0.022336897829716859 0.39502514747104478 -0.1310164251788096 -0.13089066061825641 0.35018801841624952 -0.33704768108284994
leaf_weight=21 64 30 20 24 25 72 52 64 31 93 36 55 56 22 69 43 23
leaf_count=21 64 30 20 24 25 72 52 64 31 93 36 55 56 22 69 43 23
internal_value=-1.45467e-09 -0.889272 0.0919936 -0.341197 0.288116 -0.145386 0.383726 0.175169 -0.0553146 0.152547 -0.248409 0.00984469 0.439098 -0.214482 -0.104184 0.313783 -0.302461
internal_weight=800 75 725 45 397 328 215 182 175 157 153 75 120 94 100 95 59
internal_count=800 75 725 45 397 328 215 182 175 157 153 75 120 94 100 95 59
is_linear=0
shrinkage=0.1


Tree=13
num_leaves=18
num_cat=0
split_feature=1 2 0 0 0 0 1 0 0 0 0 1 1 0 2 1 2
split_gain=5301.11 2928.34 2738.56 310.554 295.549 74.5269 66.8121 61.7343 37.2743 35.3999 31.3573 18.6053 14.8 13.2472 10.2791 7.8492 5.55251
threshold=8.5000000000000018 5.5000000000000009 16.204368037799302 22.741835625318455 7.1537338225343197 8.4648215853707889 22.500000000000004 12.362627424543916 3.8228349831299124 26.960005380414191 19.092924645954753 82.500000000000014 27.500000000000004 13.859493175490636 6.5000000000000009 41.500000000000007 7.5000000000000009
decision_type=2 2 2 2 2 2 2 2 2 2 2 2 2 2 2 2 2
left_child=1 5 4 6 8 -1 -4 12 15 11 -8 -5 -6 -9 -11 -2 -10
right_child=2 -3 3 9 7 -7 10 13 16 14 -12 -13 -14 -15 -16 -17 -18
leaf_value=-0.36947659850120546 0.45510351563754842 -1.4865164559553652 0.13048621478676797 -0.19112047079546624 0.31619691587984566 -0.099749975545065747 0.0068180622502921097 0.076411817723419526 0.31151502491935856 -0.28094501521052989 -0.087674771735364185 -0.08367636386305094 0.22240858970051811 0.15760861164545295 -0.19929300922723045 0.3908294141292572 0.36803846048812072
leaf_weight=20 38 34 25 83 20 21 62 32 63 58 81 20 106 54 21 38 24
leaf_count=20 38 34 25 83 20 21 62 32 63 58 81 20 106 54 21 38 24
internal_value=3.81289e-10 -0.800345 0.0827943 -0.118381 0.270558 -0.231324 -0.020338 0.192714 0.371803 -0.208882 -0.0467059 -0.170258 0.237296 0.127396 -0.25924 0.422966 0.327108
internal_weight=800 75 725 350 375 41 168 212 163 182 143 103 126 86 79 76 87
internal_count=800 75 725 350 375 41 168 212 163 182 143 103 126 86 79 76 87
is_linear=0
shrinkage=0.1


Tree=14
num_leaves=13
num_cat=0
split_feature=1 0 1 0 0 2 1 1 0 1 0 0
split_gain=4693.54 2728.23 1648.67 382.382 301.491 180.252 314.679 295.769 107.896 68.6623 34.3205 18.5448
threshold=2.5000000000000004 14.477772598051393 9.5000000000000018 18.899843761481211 10.31084325612675 2.5000000000000004 10.500000000000002 28.500000000000004 24.528387241599692 38.500000000000007 16.204368037799302 12.97193952294954
decision_type=2 2 2 2 2 2 2 2 2 2 2 2
left_child=-1 4 -3 10 5 7 -7 -2 -5 -6 -4 -11
right_child=1 2 3 8 9 6 -8 -9 -10 11 -12 -13
leaf_value=-1.2960245264901056 0.76795576371252539 -0.97443631995808 0.14859055527127707 -0.084288295369296176 -0.0058348265917677637 -0.10987800700323923 0.29942113396219827 0.29697080184239893 -0.20933982656109518 0.19932854700419639 0.031825900303436003 0.088947394878967953
leaf_weight=27 20 22 39 137 38 21 178 40 139 45 71 23
leaf_count=27 20 22 39 137 38 21 178 40 139 45 71 23
internal_value=-8.77131e-10 0.0452686 -0.132423 -0.0844328 0.243894 0.302037 0.256229 0.453966 -0.147267 0.101829 0.0732243 0.161994
internal_weight=800 773 408 386 365 259 199 60 276 106 110 68
internal_count=800 773 408 386 365 259 199 60 276 106 110 68
is_linear=0
shrinkage=0.1


Tree=15
num_leaves=14
num_cat=0
split_feature=1 0 1 0 0 2 1 1 0 2 1 1 0
split_gain=3801.77 2209.87 1335.42 314.955 255.586 184.877 332.724 302.874 71.1922 64.9486 115.174 83.1703 35.404
threshold=2.5000000000000004 14.477772598051393 9.5000000000000018 21.912209012064341 7.1537338225343197 6.5000000000000009 34.500000000000007 15.500000000000002 17.538964377932366 4.5000000000000009 18.500000000000004 23.500000000000004 26.065414849236827
decision_type=2 2 2 2 2 2 2 2 2 2 2 2 2
left_child=-1 4 -3 8 9 7 -7 -6 -4 11 -11 -2 -5
right_child=1 2 3 12 5 6 -8 -9 -10 10 -12 -13 -14
leaf_value=-1.1664220580348263 0.54756304327398542 -0.87699268947948106 0.09606847158850057 -0.1179833802527615 0.56224740803241724 -0.32834448076429823 0.17001815621514579 0.13889917104308486 -0.031539328512522058 0.035590941905975344 0.30567177522182465 0.31349733202230362 -0.20136599914645248
leaf_weight=27 20 22 73 98 20 21 37 109 109 20 75 63 106
leaf_count=27 20 22 73 98 20 21 37 109 109 20 75 63 106
internal_value=-5.09899e-11 0.0407418 -0.119181 -0.0759895 0.219505 0.137863 -0.0104235 0.204535 0.019644 0.305274 0.248813 0.369899 -0.16131
internal_weight=800 773 408 386 365 187 58 129 182 178 95 83 204
internal_count=800 773 408 386 365 187 58 129 182 178 95 83 204
is_linear=0
shrinkage=0.1


Tree=16
num_leaves=12
num_cat=0
split_feature=1 0 1 0 2 1 1 0 0 0 0
split_gain=3079.43 1797.95 1018.39 288.173 201.33 902.359 576.231 76.7912 63.188 52.3928 20.4
threshold=2.5000000000000004 13.143378091461908 9.5000000000000018 19.306063749587945 4.5000000000000009 10.500000000000002 16.500000000000004 4.644310393157224 24.394820647873782 3.9764433473817271 17.110245379773662
decision_type=2 2 2 2 2 2 2 2 2 2 2
left_child=-1 4 -3 10 6 -6 -2 -8 -5 -7 -4
right_child=1 2 3 8 5 9 7 -9 -10 -11 -12
leaf_value=-1.0497798566465024 0.79579695194959643 -0.7444189610688583 0.079205132631403913 -0.069828105402194848 -0.46071056615222583 0.31257138913092408 0.32336298693367782 0.16472775128552286 -0.16838120434401108 0.18597642226161157 0.0046599964581189616
leaf_weight=27 20 23 90 118 22 46 47 87 145 113 62
leaf_count=27 20 23 90 118 22 46 47 87 145 113 62
internal_value=-7.96499e-10 0.0366676 -0.0967106 -0.0608135 0.211055 0.139547 0.295099 0.220368 -0.124163 0.222601 0.0487986
internal_weight=800 773 438 415 335 181 154 134 263 159 152
internal_count=800 773 438 415 335 181 154 134 263 159 152
is_linear=0
shrinkage=0.1


Tree=17
num_leaves=12
num_cat=0
split_feature=1 0 1 0 2 1 1 0 0 0 0
split_gain=2494.34 1456.34 824.893 234.94 163.077 730.911 466.747 62.2009 42.4382 33.623 32.9022
threshold=2.5000000000000004 13.143378091461908 9.5000000000000018 21.042039153140013 4.5000000000000009 10.500000000000002 16.500000000000004 4.644310393157224 3.9764433473817271 17.538964377932366 26.065414849236827
decision_type=2 2 2 2 2 2 2 2 2 2 2
left_child=-1 4 -3 9 6 -6 -2 -8 -7 -4 -5
right_child=1 2 3 10 5 8 7 -9 -10 -11 -12
leaf_value=-0.94480186965730462 0.71621725656092172 -0.66997705646183192 0.066219715810581753 -0.087782739363845536 -0.41463949317959226 0.28131425134513693 0.29102668717820596 0.14825497493468995 0.16737877933588705 -0.018143611363219944 -0.1643912788410232
leaf_weight=27 20 23 102 119 22 46 47 87 113 88 106
leaf_count=27 20 23 102 119 22 46 47 87 113 88 106
internal_value=-1.04134e-10 0.0330008 -0.0870395 -0.0547322 0.189949 0.125592 0.265589 0.198332 0.200341 0.0271462 -0.123874
internal_weight=800 773 438 415 335 181 154 134 159 190 225
internal_count=800 773 438 415 335 181 154 134 159 190 225
is_linear=0
shrinkage=0.1


Tree=18
num_leaves=11
num_cat=0
split_feature=1 0 1 0 1 2 1 1 0 0
split_gain=2020.42 1180.54 1444.64 347.931 104.345 91.7852 146.412 141.354 33.8203 28.7384
threshold=2.5000000000000004 10.31084325612675 8.5000000000000018 21.042039153140013 13.500000000000002 2.5000000000000004 29.500000000000004 10.500000000000002 5.8646495111921215 27.650288110694461
decision_type=2 2 2 2 2 2 2 2 2 2
left_child=-1 5 -3 4 -4 6 -2 -7 -9 -5
right_child=1 2 3 9 -6 7 -8 8 -10 -11
leaf_value=-0.85032167898284072 0.52508884054564298 -0.7994747805595398 0.27161373914707276 -0.090179986818637481 0.039273720766597818 -0.074267305646623885 0.19758041565999007 0.2363996772503569 0.14777749218046665 -0.17143358562962485
leaf_weight=27 21 25 21 166 243 21 39 105 73 59
leaf_count=27 21 25 21 166 243 21 39 105 73 59
internal_value=-7.26432e-11 0.0297008 -0.0580232 -0.0201167 0.0577553 0.203794 0.312208 0.171106 0.200055 -0.111486
internal_weight=800 773 514 489 264 259 60 199 178 225
internal_count=800 773 514 489 264 259 60 199 178 225
is_linear=0
shrinkage=0.1


Tree=19
num_leaves=12
num_cat=0
split_feature=1 0 1 0 2 1 1 0 0 2 1
split_gain=1636.54 977.658 536.312 157.974 116.907 518.404 373.142 40.8613 38.4638 38.3407 18.4922
threshold=2.5000000000000004 13.143378091461908 9.5000000000000018 18.899843761481211 4.5000000000000009 10.500000000000002 16.500000000000004 4.644310393157224 24.394820647873782 7.5000000000000009 20.500000000000004
decision_type=2 2 2 2 2 2 2 2 2 2 2
left_child=-1 4 -3 10 6 -6 -2 -8 -5 -7 -4
right_child=1 2 3 8 5 9 7 -9 -10 -11 -12
leaf_value=-0.7652895223211359 0.62228322751820098 -0.5416594940683116 0.13033714070916178 -0.050081684143559735 -0.35413542402992876 0.12241764235240159 0.23436132444346205 0.11864361157533768 -0.12484028159271413 0.2220763802641269 0.026413784820993408
leaf_weight=27 20 23 20 131 22 93 47 87 145 66 119
leaf_count=27 20 23 20 131 22 93 47 87 145 66 119
internal_value=-2.47877e-10 0.0267307 -0.0716227 -0.0455724 0.155324 0.100834 0.219368 0.159231 -0.089357 0.163785 0.0413668
internal_weight=800 773 438 415 335 181 154 134 276 159 139
internal_count=800 773 438 415 335 181 154 134 276 159 139
is_linear=0
shrinkage=0.1


Tree=20
num_leaves=12
num_cat=0
split_feature=1 0 1 0 1 2 1 1 0 0 0
split_gain=1325.59 802.325 1041.03 232.727 61.6481 61.0979 98.1106 85.5904 30.2372 26.5925 9.80638
threshold=2.5000000000000004 10.31084325612675 8.5000000000000018 19.934859209554173 16.500000000000004 2.5000000000000004 28.500000000000004 10.500000000000002 24.679263041268968 3.9029117928989159 5.94828825450809
decision_type=2 2 2 2 2 2 2 2 2 2 2
left_child=-1 5 -3 4 -4 6 -2 -7 -5 -9 -8
right_child=1 2 3 8 -6 7 10 9 -10 -11 -12
leaf_value=-0.68876057316859562 0.43687371641397477 -0.6776732963323594 0.20059916474498235 -0.046316937147639695 0.037361815033391831 -0.050025470200039092 0.21512549988925458 0.2163051672640347 -0.11555015915878733 0.13517822995139608 0.11609833098948003
leaf_weight=27 20 25 26 120 210 21 20 62 133 116 20
leaf_count=27 20 25 26 120 210 21 20 62 133 116 20
internal_value=-1.19116e-09 0.0240576 -0.0482616 -0.0160831 0.0553456 0.167579 0.256033 0.14091 -0.0827123 0.163436 0.165612
internal_weight=800 773 514 489 236 259 60 199 253 178 40
internal_count=800 773 514 489 236 259 60 199 253 178 40
is_linear=0
shrinkage=0.1


Tree=21
num_leaves=10
num_cat=0
split_feature=1 0 1 0 2 1 0 0 1
split_gain=1073.73 654.193 344.658 108.079 83.0352 175.677 45.2951 24.6472 17.7651
threshold=2.5000000000000004 12.84595002744471 9.5000000000000018 18.793028967518243 8.5000000000000018 8.5000000000000018 3.8228349831299124 27.650288110694461 20.500000000000004
decision_type=2 2 2 2 2 2 2 2 2
left_child=-1 4 -3 8 5 -2 -7 -5 -4
right_child=1 2 3 7 -6 6 -8 -9 -10
leaf_value=-0.61988450145279916 0.3942034736275673 -0.43392698350160019 0.12108009526506068 -0.057465116550500343 -0.023600413394160569 0.19176492589539376 0.097740265060141315 -0.13025118153289719 0.019572603781148792
leaf_weight=27 26 23 20 220 32 69 199 59 125
leaf_count=27 26 23 20 220 32 69 199 59 125
internal_value=-5.17393e-10 0.0216519 -0.0569112 -0.0364598 0.129375 0.146025 0.121948 -0.0728572 0.0335736
internal_weight=800 773 447 424 326 294 268 279 145
internal_count=800 773 447 424 326 294 268 279 145
is_linear=0
shrinkage=0.1


Tree=22
num_leaves=16
num_cat=0
split_feature=1 2 0 0 0 1 2 1 0 1 1 1 0 1 1
split_gain=893.039 1619.83 420.965 139.807 60.604 63.6217 51.6395 45.1336 41.8963 22.2266 13.7922 8.89078 7.91379 4.76481 3.91838
threshold=8.5000000000000018 5.5000000000000009 16.204368037799302 8.4648215853707889 22.741835625318455 22.500000000000004 7.5000000000000009 44.500000000000007 3.8228349831299124 37.500000000000007 85.500000000000014 74.500000000000014 8.1356003705212014 54.500000000000007 38.500000000000007
decision_type=2 2 2 2 2 2 2 2 2 2 2 2 2 2 2
left_child=1 3 6 -1 5 -4 8 -8 13 -10 11 -6 -9 -2 -7
right_child=2 -3 4 -5 10 14 7 12 9 -11 -12 -13 -14 -15 -16
leaf_value=-0.09450928308069706 0.18920604211668815 -0.83883078554097357 0.14559783139824867 0.27492009486470903 -0.087225659781201614 0.0023269136093885582 0.26160723459389479 0.15940396028570833 0.02550215349603397 0.090818451715061088 -0.025270676545915194 -0.15479501176463523 0.075733996025071693 0.13330159947276116 -0.036556852742209343
leaf_weight=20 31 34 25 21 127 34 36 20 79 153 32 23 26 30 109
leaf_count=20 31 34 25 21 127 34 36 20 79 153 32 23 26 30 109
internal_value=-1.44006e-10 -0.328495 0.0339822 0.0947106 -0.0448921 -0.00158117 0.107598 0.177744 0.087967 0.0685771 -0.0848715 -0.0975863 0.112112 0.161712 -0.0273118
internal_weight=800 75 725 41 350 168 375 82 293 232 182 150 46 61 143
internal_count=800 75 725 41 350 168 375 82 293 232 182 150 46 61 143
is_linear=0
shrinkage=0.1


Tree=23
num_leaves=11
num_cat=0
split_feature=1 0 1 0 1 1 0 0 2 1
split_gain=766.002 476.174 689.978 129.913 74.7273 52.7546 24.9935 13.8287 12.1207 5.51527
threshold=2.5000000000000004 10.31084325612675 8.5000000000000018 21.078867461471447 13.500000000000002 11.500000000000002 3.8228349831299124 28.135005988907018 7.5000000000000009 41.500000000000007
decision_type=2 2 2 2 2 2 2 2 2 2
left_child=-1 5 -3 4 -4 -2 9 -5 -8 -7
right_child=1 2 3 7 -6 6 8 -9 -10 -11
leaf_value=-0.52357371030030431 0.25595456906433761 -0.54983914780616761 0.21683879136329606 -0.055346475931582977 0.020313681728997821 0.18981296360492705 0.075468601850166794 -0.1179545097899708 0.14222610492791449 0.13479316718876364
leaf_weight=27 29 25 21 178 246 35 122 44 35 38
leaf_count=27 29 25 21 178 246 35 122 44 35 38
internal_value=-1.93395e-11 0.0182878 -0.0374258 -0.0112288 0.0357707 0.128855 0.112829 -0.0677553 0.0903508 0.161173
internal_weight=800 773 514 489 267 259 230 222 157 73
internal_count=800 773 514 489 267 259 230 222 157 73
is_linear=0
shrinkage=0.1


Tree=24
num_leaves=12
num_cat=0
split_feature=1 0 1 0 1 2 1 1 2 1 1
split_gain=620.462 387.723 563.029 109.621 76.5624 64.1083 159.684 74.2169 15.7266 14.3731 7.37836
threshold=2.5000000000000004 9.7344890931946324 8.5000000000000018 21.912209012064341 13.500000000000002 4.5000000000000009 20.500000000000004 15.500000000000002 7.5000000000000009 85.500000000000014 84.500000000000014
decision_type=2 2 2 2 2 2 2 2 2 2 2
left_child=-1 5 -3 4 -4 6 -2 -7 -9 -5 -8
right_child=1 2 3 9 -6 7 10 8 -10 -11 -12
leaf_value=-0.47121633578229832 0.43142465440090749 -0.49485523000359538 0.20110990966980657 -0.077506286140608921 0.0148976772547821 -0.1002074112139997 0.13559335444220585 0.07311826577830699 0.15128961154683071 -0.0078782717386881515 0.068628150863306855
leaf_weight=27 20 25 24 168 276 21 76 62 44 36 21
leaf_count=27 20 25 24 168 276 21 76 62 44 36 21
internal_value=3.56813e-11 0.016459 -0.0316402 -0.00866325 0.0297947 0.12074 0.174143 0.0715411 0.105567 -0.065219 0.121096
internal_weight=800 773 529 504 300 244 117 127 106 204 97
internal_count=800 773 529 504 300 244 117 127 106 204 97
is_linear=0
shrinkage=0.1


Tree=25
num_leaves=13
num_cat=0
split_feature=1 0 2 1 1 2 1 1 0 1 2 0
split_gain=502.574 314.806 166.472 1079.55 570.92 71.7861 310.681 140.628 40.082 39.139 25.1424 11.0535
threshold=2.5000000000000004 12.84595002744471 5.5000000000000009 12.500000000000002 12.500000000000002 2.5000000000000004 8.5000000000000018 23.500000000000004 18.701180493024161 87.500000000000014 7.5000000000000009 8.5306738403026436
decision_type=2 2 2 2 2 2 2 2 2 2 2 2
left_child=-1 5 4 -4 -3 7 -7 -2 -5 -6 -8 -9
right_child=1 2 3 8 9 6 10 11 -10 -11 -12 -13
leaf_value=-0.42409471692862333 0.40265290571376683 0.51289934246313007 -0.76906666376373989 0.039330636553706666 -0.048147398414090277 -0.29490140608765864 0.077030672859630472 0.12694032976732536 -0.061377281106905927 0.069399479773798678 0.14948353598661282 0.033250477388501169
leaf_weight=27 20 21 22 62 200 22 162 34 109 33 68 20
leaf_count=27 20 21 22 62 200 22 162 34 109 33 68 20
internal_value=-1.75275e-09 0.0148131 -0.0396857 -0.109695 0.0135102 0.0895401 0.0641112 0.176136 -0.0248633 -0.0314991 0.0984515 0.0922404
internal_weight=800 773 447 193 254 326 252 74 171 233 230 54
internal_count=800 773 447 193 254 326 252 74 171 233 230 54
is_linear=0
shrinkage=0.1


Tree=26
num_leaves=9
num_cat=0
split_feature=1 0 1 1 0 1 1 0
split_gain=407.085 266.06 419.702 105.361 68.49 54.3478 19.7629 10.5491
threshold=2.5000000000000004 9.7344890931946324 8.5000000000000018 11.500000000000002 15.976700362736766 11.500000000000002 19.500000000000004 3.8228349831299124
decision_type=2 2 2 2 2 2 2 2
left_child=-1 5 -3 -4 -5 -2 -7 -8
right_child=1 2 3 4 -6 6 7 -9
leaf_value=-0.38168523841434054 0.23079797497817447 -0.42644637495279314 0.21824793964624406 0.04270277585807844 -0.040087537885760305 -0.0048984545809419265 0.12559653515327779 0.076311693647803047
leaf_weight=27 28 25 20 141 343 23 66 127
leaf_count=27 28 25 20 141 343 23 66 127
internal_value=-1.07437e-09 0.0133318 -0.0265125 -0.00667455 -0.0159689 0.0997157 0.0827236 0.0931656
internal_weight=800 773 529 504 484 244 216 193
internal_count=800 773 529 504 484 244 216 193
is_linear=0
shrinkage=0.1


Tree=27
num_leaves=11
num_cat=0
split_feature=1 2 1 1 1 0 0 0 1 1
split_gain=329.739 217.295 907.708 426.488 343.403 141.754 29.3979 26.5668 23.9655 10.3127
threshold=2.5000000000000004 8.5000000000000018 21.500000000000004 9.5000000000000018 5.5000000000000009 16.204368037799302 26.382008273306816 3.8228349831299124 45.500000000000007 71.500000000000014
decision_type=2 2 2 2 2 2 2 2 2 2
left_child=-1 3 -3 4 -2 7 -7 -5 -4 -10
right_child=1 2 8 5 -6 6 -8 -9 9 -11
leaf_value=-0.34351670582675276 0.032624546140432358 -0.70942572465255149 0.12617171114931505 0.1109031490433742 0.59919917142909507 -0.019374564496298496 -0.088087298603321637 0.040968608540931234 -0.051040425151586535 0.049294935982851756
leaf_weight=27 20 21 24 68 23 219 87 270 20 21
leaf_count=27 20 21 24 68 23 219 87 270 20 21
internal_value=8.10833e-10 0.0119986 -0.137854 0.0307575 0.335676 0.010398 -0.0389105 0.0550383 0.0468078 0.000350857
internal_weight=800 773 86 687 43 644 306 338 65 41
internal_count=800 773 86 687 43 644 306 338 65 41
is_linear=0
shrinkage=0.1


Tree=28
num_leaves=13
num_cat=0
split_feature=0 1 1 1 0 1 2 1 1 0 1 1
split_gain=276.751 952.599 97.489 147.198 42.8526 40.4649 26.1714 30.5394 25.0998 8.02274 9.86453 5.88309
threshold=12.362627424543916 8.5000000000000018 4.5000000000000009 9.5000000000000018 22.077205900971983 16.500000000000004 7.5000000000000009 45.500000000000007 18.500000000000004 28.89516171689554 87.500000000000014 75.500000000000014
decision_type=2 2 2 2 2 2 2 2 2 2 2 2
left_child=2 -2 -1 -4 5 -3 8 -8 -5 10 -6 -7
right_child=1 4 3 6 9 11 7 -9 -10 -11 -12 -13
leaf_value=-0.11290486929593263 -0.60489658980534 0.13871261238042887 0.34083605342145479 -0.048815061444538121 -0.050882535334676508 -0.0082130855216294724 0.19410436464653863 0.057806970817702155 0.061550886186328958 -0.10290512397237446 0.012113423564781747 0.029294778903325398
leaf_weight=27 29 24 21 23 145 157 31 35 198 23 30 57
leaf_count=27 29 24 21 23 145 157 31 35 198 23 30 57
internal_value=9.75764e-10 -0.0499224 0.0692953 0.0852674 -0.013009 0.0155859 0.0665673 0.121825 0.0500648 -0.0473807 -0.0400832 0.00177733
internal_weight=800 465 335 308 436 238 287 66 221 198 175 214
internal_count=800 465 335 308 436 238 287 66 221 198 175 214
is_linear=0
shrinkage=0.1


Tree=29
num_leaves=13
num_cat=0
split_feature=0 1 1 1 0 1 2 1 1 0 1 0
split_gain=224.169 771.605 78.9661 120.576 34.7106 32.7766 17.6362 23.8477 21.125 6.49842 7.99027 5.72666
threshold=12.362627424543916 8.5000000000000018 4.5000000000000009 10.500000000000002 22.077205900971983 16.500000000000004 7.5000000000000009 18.500000000000004 45.500000000000007 28.89516171689554 87.500000000000014 13.859493175490636
decision_type=2 2 2 2 2 2 2 2 2 2 2 2
left_child=2 -2 -1 -4 5 -3 7 -5 -8 10 -6 -7
right_child=1 4 3 6 9 11 8 -9 -10 -11 -12 -13
leaf_value=-0.10161437899978072 -0.54440693320899169 0.1248413511319086 0.28725319129228594 -0.056677781169613209 -0.045794282249207126 -0.043378884321078663 0.16743948172520975 0.055395797495212819 0.052026273863656186 -0.092614606727400559 0.010902080343415339 0.0075491283187475158
leaf_weight=27 29 24 25 21 145 25 29 198 35 23 30 189
leaf_count=27 29 24 25 21 145 25 29 198 35 23 30 189
internal_value=8.02276e-10 -0.0449302 0.0623658 0.0767407 -0.0117081 0.0140273 0.0581442 0.044649 0.104323 -0.0426426 -0.0360749 0.00159959
internal_weight=800 465 335 308 436 238 283 219 64 198 175 214
internal_count=800 465 335 308 436 238 283 219 64 198 175 214
is_linear=0
shrinkage=0.1


Tree=30
num_leaves=13
num_cat=0
split_feature=0 1 1 1 1 1 0 2 0 0 1 1
split_gain=184.774 634.599 98.4718 83.8772 59.5765 158.479 39.8479 15.5886 10.6414 9.88697 7.96307 3.66429
threshold=8.5306738403026436 8.5000000000000018 4.5000000000000009 11.500000000000002 4.5000000000000009 15.500000000000002 18.337569472779709 7.5000000000000009 28.540024807458199 5.94828825450809 65.500000000000014 25.500000000000004
decision_type=2 2 2 2 2 2 2 2 2 2 2 2
left_child=4 2 -2 -3 -1 -6 7 -5 -8 11 -11 -7
right_child=1 3 -4 6 5 9 8 -9 -10 10 -12 -13
leaf_value=-0.080835535512729137 -0.25829527356794907 0.19469338868345534 -0.56833912611007686 0.0082174711455564719 0.34601366367106412 0.043070969984938319 -0.028131330951055133 0.071951663737394367 -0.095276845045960873 -0.010959791977490698 0.066688002079725264 0.084925488769033247
leaf_weight=22 21 21 20 177 22 26 256 49 26 28 25 107
leaf_count=22 21 21 20 177 22 26 256 49 26 28 25 107
internal_value=4.13071e-10 -0.0305283 -0.409536 -0.00115337 0.075657 0.0922091 -0.0092494 0.0220359 -0.0343221 0.0621892 0.0256665 0.0767434
internal_weight=800 570 41 529 230 208 508 226 282 186 53 133
internal_count=800 570 41 529 230 208 508 226 282 186 53 133
is_linear=0
shrinkage=0.1


Tree=31
num_leaves=13
num_cat=0
split_feature=2 1 0 1 1 0 0 1 0 0 1 0
split_gain=180.269 1005.68 1046.44 907.832 79.512 76.2028 57.7378 18.464 17.1624 13.9207 10.8553 17.4875
threshold=2.5000000000000004 8.5000000000000018 14.970762372067332 13.500000000000002 11.500000000000002 15.976700362736766 5.3172079567202308 85.500000000000014 28.3904975822369 6.0645522483581109 26.500000000000004 11.296788545585759
decision_type=2 2 2 2 2 2 2 2 2 2 2 2
left_child=3 2 6 -1 -3 9 -2 10 -7 -6 -5 -12
right_child=1 4 -4 7 5 8 -8 -9 -10 -11 11 -13
leaf_value=0.69051626812327993 -0.00078178837895393383 0.20339062552560461 -1.0026009347289802 -0.072835830816378205 0.07359995086583386 -0.021773340546862221 -0.23554404308511454 0.08337179174025855 -0.11603208310192539 0.027922099325156144 0.056875378819736283 -0.02900798632057779
leaf_weight=22 20 22 20 24 109 241 22 24 21 172 37 66
leaf_count=22 20 22 20 24 109 241 22 24 21 172 37 66
internal_value=1.78698e-10 -0.0249347 -0.407252 0.0903704 0.0170187 0.00946767 -0.123752 0.00293195 -0.0293284 0.0456406 -0.0122693 0.00184332
internal_weight=800 627 62 173 565 543 42 151 262 281 127 103
internal_count=800 627 62 173 565 543 42 151 262 281 127 103
is_linear=0
shrinkage=0.1


Tree=32
num_leaves=12
num_cat=0
split_feature=2 1 0 1 1 0 1 0 2 1 0
split_gain=146.018 814.599 868.382 735.344 64.4047 61.7243 14.9559 13.9016 12.5778 8.80657 15.3896
threshold=2.5000000000000004 8.5000000000000018 8.785176363891491 13.500000000000002 11.500000000000002 15.976700362736766 85.500000000000014 28.3904975822369 7.5000000000000009 24.500000000000004 11.296788545585759
decision_type=2 2 2 2 2 2 2 2 2 2 2
left_child=3 2 -2 -1 -3 8 9 -7 -6 -5 -11
right_child=1 4 -4 6 5 7 -8 -9 -10 10 -12
leaf_value=0.62146464958786973 0.032698029228325549 0.18305156447670679 -0.71736073457833494 -0.07020460315591967 0.028426814261499955 -0.019596006303129108 0.075034614528218913 -0.10442887530440377 0.076461427462463441 0.051649569798457001 -0.027805371527874208
leaf_weight=22 29 22 33 21 207 241 24 21 74 38 68
leaf_count=22 29 22 33 21 207 241 24 21 74 38 68
internal_value=8.83902e-11 -0.0224413 -0.366527 0.0813334 0.0153168 0.00852091 0.00263876 -0.0263956 0.0410765 -0.0110423 0.000678475
internal_weight=800 627 62 173 565 543 151 262 281 127 106
internal_count=800 627 62 173 565 543 151 262 281 127 106
is_linear=0
shrinkage=0.1


Tree=33
num_leaves=15
num_cat=0
split_feature=0 1 2 1 1 1 0 1 1 1 2 2 0 1
split_gain=120.958 183.376 101.23 272.64 215.457 816.008 24.1 20.6375 8.29685 7.12159 5.59875 9.24928 6.38612 4.46935
threshold=22.31550909829096 11.500000000000002 8.5000000000000018 21.500000000000004 9.5000000000000018 4.5000000000000009 3.8228349831299124 45.500000000000007 19.500000000000004 52.500000000000007 3.5000000000000004 7.5000000000000009 26.725027508075943 41.500000000000007
decision_type=2 2 2 2 2 2 2 2 2 2 2 2 2 2
left_child=2 -2 4 -4 5 -1 13 -8 -3 -5 12 -12 -10 -6
right_child=1 8 3 9 6 -7 7 -9 10 -11 11 -13 -14 -15
leaf_value=-0.11987541301115867 -0.34592626946313043 -0.09503483772277832 -0.40198922604322435 0.084281010936856984 0.099398030526936063 0.64799948620796211 -0.020320229538004192 0.025460969794314739 0.027962136734277013 0.0045404165013072399 -0.063656786874388208 -0.0011971053843562668 -0.035722249944604212 0.047765422418811605
leaf_weight=31 21 20 20 21 30 25 170 234 32 24 66 37 31 38
leaf_count=31 21 20 20 21 30 25 170 234 32 24 66 37 31 38
internal_value=3.9491e-10 -0.0658135 0.0229737 -0.0947833 0.0374703 0.222926 0.0154671 0.0061966 -0.0341878 0.0417527 -0.0268569 -0.0412198 -0.00337462 0.0705445
internal_weight=800 207 593 65 528 56 472 404 186 45 166 103 63 68
internal_count=800 207 593 65 528 56 472 404 186 45 166 103 63 68
is_linear=0
shrinkage=0.1


Tree=34
num_leaves=13
num_cat=0
split_feature=2 1 0 1 1 0 1 1 0 2 1 0
split_gain=111.799 644.9 679.438 573.55 56.2398 43.7892 42.2954 11.6979 10.465 10.4627 6.88565 10.7703
threshold=2.5000000000000004 8.5000000000000018 14.970762372067332 13.500000000000002 11.500000000000002 15.976700362736766 3.5000000000000004 85.500000000000014 28.3904975822369 7.5000000000000009 28.500000000000004 11.296788545585759
decision_type=2 2 2 2 2 2 2 2 2 2 2 2
left_child=3 2 6 -1 -3 9 -2 10 -7 -6 -5 -12
right_child=1 4 -4 7 5 8 -8 -9 -10 -11 11 -13
leaf_value=0.54819131818684663 0.0078965918812900788 0.17070159736004742 -0.80551180362701413 -0.053235725172120954 0.023492431259772559 -0.015901082458362924 -0.19303346493027429 0.065694704030950873 -0.089505095283190408 0.067302458036401488 0.046712021061352325 -0.022474743398682526
leaf_weight=22 20 22 20 29 207 241 22 24 21 74 35 63
leaf_count=22 20 22 20 29 207 241 22 24 21 74 35 63
internal_value=-3.24391e-10 -0.0196365 -0.325791 0.071168 0.0139593 0.00760874 -0.0973525 0.00166787 -0.0218006 0.0350296 -0.0104317 0.00223482
internal_weight=800 627 62 173 565 543 42 151 262 281 127 98
internal_count=800 627 62 173 565 543 42 151 262 281 127 98
is_linear=0
shrinkage=0.1


Tree=35
num_leaves=12
num_cat=0
split_feature=2 1 0 1 1 0 0 1 1 1 0
split_gain=90.5571 522.369 577.393 464.575 45.5543 36.4272 9.74731 9.47531 6.18528 5.62888 8.82429
threshold=2.5000000000000004 8.5000000000000018 8.3656736254428772 13.500000000000002 11.500000000000002 12.84595002744471 28.3904975822369 85.500000000000014 82.500000000000014 26.500000000000004 11.296788545585759
decision_type=2 2 2 2 2 2 2 2 2 2 2
left_child=3 2 -2 -1 -3 8 -7 9 -6 -5 -11
right_child=1 4 -4 7 5 6 -8 -9 -10 10 -12
leaf_value=0.4933721802451394 0.054237862807457099 0.15363143736665899 -0.56124453851154876 -0.053002143713335198 0.046055807145603471 -0.010081286884339838 -0.080554587074688502 0.059125233069062234 0.003437606937118939 0.039866285891951743 -0.021141557257170929
leaf_weight=22 27 22 35 24 180 300 21 24 42 37 66
leaf_count=22 27 22 35 24 180 300 21 24 42 37 66
internal_value=-7.96725e-10 -0.0176728 -0.293212 0.0640512 0.0125633 0.00684787 -0.0146917 0.00150109 0.0379929 -0.00938852 0.000773882
internal_weight=800 627 62 173 565 543 321 151 222 127 103
internal_count=800 627 62 173 565 543 321 151 222 127 103
is_linear=0
shrinkage=0.1


Tree=36
num_leaves=14
num_cat=0
split_feature=0 1 1 0 1 2 1 1 2 0 1 2 0
split_gain=83.5873 138.096 89.1049 231.341 87.6074 17.3475 33.064 21.9279 4.20004 5.38623 5.51563 4.85432 3.03336
threshold=22.31550909829096 13.500000000000002 6.5000000000000009 7.6458588079170653 9.5000000000000018 8.5000000000000018 44.500000000000007 15.500000000000002 7.5000000000000009 26.382008273306816 78.500000000000014 4.5000000000000009 26.065414849236827
decision_type=2 2 2 2 2 2 2 2 2 2 2 2 2
left_child=2 -2 3 -1 -4 7 -7 -6 9 10 -3 -11 -10
right_child=1 8 4 -5 5 6 -8 -9 12 11 -12 -13 -14
leaf_value=-0.077462043443864037 -0.26560216993093494 -0.029344384273729075 -0.18751703284003518 0.37612173868262255 -0.069900096268975184 0.15413472311943771 -0.0027952348042664856 0.015836869844193146 -0.022036688663065435 -0.030402600791837486 0.032449752213433387 -0.085382914227934981 0.033039215356111533
leaf_weight=22 27 52 22 23 32 25 29 440 20 42 20 26 20
leaf_count=22 27 52 22 23 32 25 29 440 20 42 20 26 20
internal_value=2.94414e-10 -0.0547101 0.0190978 0.15437 0.00798969 0.0161668 0.0698575 0.0100242 -0.0230763 -0.0312413 -0.0121793 -0.0514245 0.00550126
internal_weight=800 207 593 45 548 526 54 472 180 140 72 68 40
internal_count=800 207 593 45 548 526 54 472 180 140 72 68 40
is_linear=0
shrinkage=0.1


Tree=37
num_leaves=12
num_cat=0
split_feature=2 1 0 1 1 0 2 1 0 1 1
split_gain=77.2688 426.964 493.077 397.087 43.1498 27.2641 8.49373 7.37999 6.1679 4.38955 8.55481
threshold=2.5000000000000004 8.5000000000000018 8.3656736254428772 13.500000000000002 11.500000000000002 15.258301050293156 7.5000000000000009 85.500000000000014 28.3904975822369 28.500000000000004 39.500000000000007
decision_type=2 2 2 2 2 2 2 2 2 2 2
left_child=3 2 -2 -1 -3 6 -6 9 -7 -5 -11
right_child=1 4 -4 7 5 8 -8 -9 -10 10 -12
leaf_value=0.45608002170920375 0.055646070244687575 0.14830582795495337 -0.51312450511114938 -0.042449738406415645 0.017782755167718278 -0.011977679864861646 0.058473932740411586 0.052192020167907083 -0.068318817587125866 0.051006442824235332 -0.015915006903621059
leaf_weight=22 27 22 35 29 192 260 70 24 21 26 72
leaf_count=22 27 22 35 29 192 260 70 24 21 26 72
internal_value=4.33472e-10 -0.0163247 -0.265434 0.0591654 0.0110112 0.00544857 0.0286544 0.00133678 -0.0161882 -0.00827366 0.00183966
internal_weight=800 627 62 173 565 543 262 151 281 127 98
internal_count=800 627 62 173 565 543 262 151 281 127 98
is_linear=0
shrinkage=0.1


Tree=38
num_leaves=12
num_cat=0
split_feature=2 1 1 1 1 0 2 1 0 1 0
split_gain=66.9445 346.729 109.672 380.323 35.4436 26.1646 21.9147 11.6564 8.63005 4.15023 4.09101
threshold=8.5000000000000018 18.500000000000004 9.5000000000000018 4.5000000000000009 15.500000000000002 9.1330625872444156 4.5000000000000009 42.500000000000007 26.065414849236827 71.500000000000014 3.4098144128026133
decision_type=2 2 2 2 2 2 2 2 2 2 2
left_child=2 -2 3 -1 6 10 -4 -3 -7 -9 -6
right_child=1 7 4 -5 5 8 -8 9 -10 -11 -12
leaf_value=-0.072983550160932234 -0.44829360604286195 0.087306394782804317 -0.15235054339282217 0.40520545182556944 0.057255840419902143 -0.002527423576588546 -0.019836884214041325 -0.029014185070991516 -0.038633948217808127 0.030756533052772286 0.025307861356064679
leaf_weight=39 20 21 24 29 59 327 26 26 83 21 125
leaf_count=39 20 21 24 29 59 327 26 26 83 21 125
internal_value=2.6272e-10 -0.0822832 0.0101698 0.13095 -0.00258335 0.00422305 -0.0834434 0.025367 -0.00983679 -0.00230812 0.0355521
internal_weight=800 88 712 68 644 594 50 68 410 47 184
internal_count=800 88 712 68 644 594 50 68 410 47 184
is_linear=0
shrinkage=0.1


Tree=39
num_leaves=13
num_cat=0
split_feature=2 1 0 1 1 1 0 2 0 1 1 1
split_gain=60.7025 339.701 414.225 306.394 38.6651 26.741 18.9325 9.87311 7.00982 5.80118 3.59803 5.13911
threshold=2.5000000000000004 8.5000000000000018 14.970762372067332 13.500000000000002 11.500000000000002 3.5000000000000004 7.1537338225343197 8.5000000000000018 4.9871553590434354 85.500000000000014 71.500000000000014 59.500000000000007
decision_type=2 2 2 2 2 2 2 2 2 2 2 2
left_child=3 2 5 -1 -3 -2 8 -8 -6 10 11 -5
right_child=1 4 -4 9 6 -7 7 -9 -10 -11 -12 -13
leaf_value=0.40109417492693122 0.025385118555277586 0.13987788340203802 -0.61123761296272283 -0.010107739168438719 0.023493960296172043 -0.13438203063878149 -0.011532410120683885 0.033234885812067148 0.075548169507670238 0.046732105718304717 -0.045809135045856236 0.046108430437743667
leaf_weight=22 20 22 20 87 86 22 363 57 37 24 20 20
leaf_count=22 20 22 20 87 86 22 363 57 37 24 20 20
internal_value=4.1649e-10 -0.0144693 -0.236669 0.0524408 0.00991363 -0.0583024 0.00464804 -0.00545685 0.0391525 0.0016436 -0.00687707 0.000399956
internal_weight=800 627 62 173 565 42 543 420 123 151 127 107
internal_count=800 627 62 173 565 42 543 420 123 151 127 107
is_linear=0
shrinkage=0.1


Tree=40
num_leaves=13
num_cat=0
split_feature=0 1 1 0 1 2 1 1 2 1 1 0
split_gain=55.5084 107.578 106.306 253.02 83.2087 12.574 27.6774 18.2822 3.00873 4.26221 5.71167 2.39244
threshold=22.31550909829096 13.500000000000002 6.5000000000000009 7.6458588079170653 9.5000000000000018 8.5000000000000018 45.500000000000007 15.500000000000002 7.5000000000000009 87.500000000000014 74.500000000000014 26.065414849236827
decision_type=2 2 2 2 2 2 2 2 2 2 2 2
left_child=2 -2 3 -1 -4 7 -7 -6 9 10 -3 -10
right_child=1 8 4 -5 5 6 -8 -9 11 -11 -12 -13
leaf_value=-0.079134773979471495 -0.23072004293402038 -0.020566303667652868 -0.18710544326088646 0.39522548188333928 -0.06680887376423926 0.12870209791042186 -0.01448234473700049 0.011477019200948152 -0.016932208873331547 0.013848441615700723 -0.076281390136674704 0.031980357244610784
leaf_weight=22 27 92 22 23 32 27 27 440 20 25 23 20
leaf_count=22 27 92 22 23 32 27 27 440 20 25 23 20
internal_value=8.2131e-11 -0.0445838 0.015563 0.163316 0.00342996 0.0113991 0.0571099 0.0061695 -0.0166633 -0.023574 -0.0317093 0.00752407
internal_weight=800 207 593 45 548 526 54 472 180 140 115 40
internal_count=800 207 593 45 548 526 54 472 180 140 115 40
is_linear=0
shrinkage=0.1


Tree=41
num_leaves=12
num_cat=0
split_feature=2 1 1 1 1 2 0 1 1 1 1
split_gain=57.7076 254.213 98.7358 307.927 27.8039 21.2194 17.229 7.84019 7.48075 5.44257 3.82834
threshold=8.5000000000000018 18.500000000000004 9.5000000000000018 4.5000000000000009 15.500000000000002 4.5000000000000009 9.1330625872444156 22.500000000000004 45.500000000000007 71.500000000000014 61.500000000000007
decision_type=2 2 2 2 2 2 2 2 2 2 2
left_child=2 -2 3 -1 5 -4 10 -8 -3 -10 -6
right_child=1 8 4 -5 6 -7 7 -9 9 -11 -12
leaf_value=-0.059457623576506594 -0.38979468882083895 0.056652446808638401 -0.14208089141175151 0.37081857981352973 0.015572415368631482 -0.011686529770780069 0.043037602491676812 -0.011783100293061809 -0.048469638302922252 0.024420583589623374 0.044530808714972364
leaf_weight=39 20 27 24 29 100 26 28 382 20 21 84
leaf_count=39 20 27 24 29 100 26 28 382 20 21 84
internal_value=1.63331e-10 -0.0763959 0.00944219 0.124043 -0.00265847 -0.0742758 0.00336993 -0.00803925 0.0157802 -0.0111356 0.0287926
internal_weight=800 88 712 68 644 50 594 410 68 41 184
internal_count=800 88 712 68 644 50 594 410 68 41 184
is_linear=0
shrinkage=0.1


Tree=42
num_leaves=12
num_cat=0
split_feature=2 1 0 1 1 0 1 2 1 1 0
split_gain=50.9772 278.489 340.584 249.247 39.787 14.0599 5.80243 5.21442 4.36757 2.87225 4.31568
threshold=2.5000000000000004 8.5000000000000018 8.3656736254428772 13.500000000000002 11.500000000000002 15.976700362736766 91.500000000000014 7.5000000000000009 85.500000000000014 71.500000000000014 21.773764297852328
decision_type=2 2 2 2 2 2 2 2 2 2 2
left_child=3 2 -2 -1 -3 7 -7 -6 9 10 -5
right_child=1 4 -4 8 5 6 -8 -9 -10 -11 -12
leaf_value=0.36251900216395205 0.052404669810224458 0.14065369391305879 -0.42030209677559993 -0.012652845292662583 0.010868942167987859 -0.018739470011028259 0.026708747193333694 0.041797164821292504 0.041363570466637613 -0.039936841242015367 0.030154307825224741
leaf_weight=22 27 22 35 72 207 230 32 74 24 20 35
leaf_count=22 27 22 35 72 207 230 32 74 24 20 35
internal_value=-2.20258e-10 -0.0132597 -0.214446 0.0480567 0.00881742 0.00347599 -0.0131885 0.0190137 0.00224096 -0.00515229 0.00134949
internal_weight=800 627 62 173 565 543 262 281 151 127 107
internal_count=800 627 62 173 565 543 262 281 151 127 107
is_linear=0
shrinkage=0.1


Tree=43
num_leaves=13
num_cat=0
split_feature=2 1 1 1 0 1 2 0 1 1 1 1
split_gain=42.6015 186.206 88.9288 233.007 158.298 28.7942 19.964 13.7562 7.99744 6.17878 4.16386 2.88017
threshold=8.5000000000000018 18.500000000000004 9.5000000000000018 2.5000000000000004 9.1736008609276691 15.500000000000002 4.5000000000000009 5.8646495111921215 96.500000000000014 45.500000000000007 71.500000000000014 25.500000000000004
decision_type=2 2 2 2 2 2 2 2 2 2 2 2
left_child=2 -2 3 -1 -5 6 -4 11 -9 -3 -11 -7
right_child=1 9 5 4 -6 7 -8 8 -10 10 -12 -13
leaf_value=-0.12589650404453279 -0.33386209487915042 0.050394841697480944 -0.14202164234593512 0.052261702418327331 0.43693634841753087 0.0030007290840148929 -0.015543156217497129 -0.0018601196619812113 -0.061101951616971441 -0.043867508769035342 0.019887674120920046 0.041190604386018952
leaf_weight=25 20 27 24 20 23 25 26 451 24 20 21 94
leaf_count=25 20 27 24 20 23 25 26 451 24 20 21 94
internal_value=3.1665e-11 -0.0656397 0.00811277 0.116873 0.258018 -0.00337122 -0.0762528 0.00276359 -0.00485339 0.0132493 -0.0112124 0.0331675
internal_weight=800 88 712 68 43 644 50 594 475 68 41 119
internal_count=800 88 712 68 43 644 50 594 475 68 41 119
is_linear=0
shrinkage=0.1


Tree=44
num_leaves=14
num_cat=0
split_feature=0 1 0 1 1 2 1 1 1 1 0 1 1
split_gain=40.5918 105.099 223.505 89.9425 89.5999 11.3977 25.3859 10.7098 2.83888 4.37675 6.72133 4.3415 2.81491
threshold=22.31550909829096 6.5000000000000009 7.6458588079170653 13.500000000000002 9.5000000000000018 8.5000000000000018 44.500000000000007 15.500000000000002 46.500000000000007 87.500000000000014 26.903004274694016 27.500000000000004 38.500000000000007
decision_type=2 2 2 2 2 2 2 2 2 2 2 2 2
left_child=1 2 -1 -2 -3 7 -7 -6 11 10 -10 -5 -13
right_child=3 4 -4 8 5 6 -8 -9 9 -11 -12 12 -14
leaf_value=-0.06765160706232895 -0.20832251078552672 -0.19647279192100875 0.37818394536557409 -0.027270115353167059 -0.051320961967576295 0.1268807053565979 -0.010626207985754671 0.0085975325038783589 -0.060401233411911462 0.0090452688513323661 -0.0024299691120783489 0.051155171096324926 -0.0019005966186523438
leaf_weight=22 27 22 23 27 32 25 29 440 45 32 36 20 20
leaf_count=22 27 22 23 27 32 25 29 440 45 32 36 20 20
internal_value=-1.47091e-10 0.0133086 0.16022 -0.0381256 0.00124471 0.00951426 0.0530344 0.00453526 -0.012596 -0.0222662 -0.0346362 0.00371341 0.0246273
internal_weight=800 593 45 207 548 526 54 472 180 113 81 67 40
internal_count=800 593 45 207 548 526 54 472 180 113 81 67 40
is_linear=0
shrinkage=0.1


Tree=45
num_leaves=14
num_cat=0
split_feature=2 1 1 0 0 1 0 1 1 0 0 1 1
split_gain=41.9391 230.926 202.11 186.402 30.5427 62.0605 22.4735 43.7164 20.7133 17.8103 3.57288 6.75026 2.97093
threshold=2.5000000000000004 7.5000000000000009 13.500000000000002 10.31084325612675 6.0645522483581109 21.500000000000004 8.8173678733344207 57.500000000000007 13.500000000000002 4.9871553590434354 26.938299997058046 85.500000000000014 28.500000000000004
decision_type=2 2 2 2 2 2 2 2 2 2 2 2 2
left_child=2 3 -1 -2 5 -3 7 -6 -8 -7 11 12 -4
right_child=1 4 10 -5 6 9 8 -9 -10 -11 -12 -13 -14
leaf_value=0.32675921285355636 -0.029773740367642767 0.20855482788313007 -0.02969977203756571 -0.39489638739162025 -0.18212689287960529 -0.0054099204749541571 0.07650786295533181 0.012935910915472993 -0.0039312647736941776 0.099254885901297843 -0.037035585567355159 0.060295666470414115 0.0080275838951177035
leaf_weight=22 29 21 28 27 20 72 35 27 375 21 20 21 82
leaf_count=22 29 21 28 27 20 72 35 27 375 21 20 21 82
internal_value=-4.18593e-10 -0.0120269 0.0435888 -0.205815 0.00697859 0.053285 -0.00457269 -0.0700695 0.00293549 0.0182241 0.00233222 0.00834257 -0.00157574
internal_weight=800 627 173 56 571 114 457 47 410 93 151 131 110
internal_count=800 627 173 56 571 114 457 47 410 93 151 131 110
is_linear=0
shrinkage=0.1


Tree=46
num_leaves=12
num_cat=0
split_feature=2 1 1 1 1 2 0 1 1 1 1
split_gain=34.6685 140.322 81.2201 237.313 19.1221 51.8581 9.72785 7.25916 4.33218 3.39992 2.21878
threshold=8.5000000000000018 18.500000000000004 8.5000000000000018 4.5000000000000009 15.500000000000002 3.5000000000000004 4.5371378495695884 96.500000000000014 54.500000000000007 42.500000000000007 71.500000000000014
decision_type=2 2 2 2 2 2 2 2 2 2 2
left_child=2 -2 3 -1 5 -4 8 -8 -6 -3 -11
right_child=1 9 4 -5 6 -7 7 -9 -10 10 -12
leaf_value=-0.036530226965745288 -0.29205522440373899 0.042721017485573179 -0.18806807190179825 0.36313230842351918 0.056177564816815517 0.013787419748093402 -0.00049673899195098309 -0.055756548076868064 0.011022798506932897 -0.025204140062515552 0.018498743629260433
leaf_weight=39 20 21 20 24 42 35 484 25 43 26 21
leaf_count=39 20 21 20 24 42 35 484 25 43 26 21
internal_value=4.26797e-10 -0.0592136 0.00731854 0.115722 -0.00320447 -0.0596146 0.00201869 -0.00321087 0.0333346 0.00926923 -0.00567732
internal_weight=800 88 712 63 649 55 594 509 85 68 47
internal_count=800 88 712 63 649 55 594 509 85 68 47
is_linear=0
shrinkage=0.1


Tree=47
num_leaves=12
num_cat=0
split_feature=2 1 0 1 1 0 0 1 0 1 0
split_gain=33.8896 192.577 257.586 157.81 37.868 7.8826 6.11356 5.19682 2.89828 5.46477 3.15051
threshold=2.5000000000000004 8.5000000000000018 8.3656736254428772 13.500000000000002 11.500000000000002 15.976700362736766 13.947969370790547 91.500000000000014 26.938299997058046 85.500000000000014 21.773764297852328
decision_type=2 2 2 2 2 2 2 2 2 2 2
left_child=3 2 -2 -1 -3 6 -6 -7 9 10 -5
right_child=1 4 -4 8 5 7 -8 -9 -10 -11 -12
leaf_value=0.28940240791575478 0.053957650120611544 0.13616490926254879 -0.35713659558977401 -0.010198944283738024 0.0081375328645049289 -0.015394726308953503 0.051270096866708054 0.027616366869915511 -0.032729754596948622 0.054885776660272056 0.029635663301898887
leaf_weight=22 27 22 35 84 243 230 38 32 20 21 26
leaf_count=22 27 22 35 84 243 230 38 32 20 21 26
internal_value=-3.93416e-10 -0.0108113 -0.178112 0.0391831 0.00754734 0.00233632 0.0139704 -0.0101415 0.0027273 0.00814059 -0.000783492
internal_weight=800 627 62 173 565 543 281 262 151 131 110
internal_count=800 627 62 173 565 543 281 262 151 131 110
is_linear=0
shrinkage=0.1


Tree=48
num_leaves=12
num_cat=0
split_feature=0 1 0 1 1 2 1 1 2 0 0
split_gain=30.1338 106.336 214.638 84.831 73.1566 5.53007 23.4194 11.6224 5.1916 2.10741 2.08309
threshold=23.887662436693137 6.5000000000000009 7.6458588079170653 9.5000000000000018 13.500000000000002 8.5000000000000018 42.500000000000007 15.500000000000002 7.5000000000000009 28.3904975822369 25.651566597842031
decision_type=2 2 2 2 2 2 2 2 2 2 2
left_child=1 2 -1 -3 -2 7 -7 -5 9 10 -6
right_child=4 3 -4 5 8 6 -8 -9 -10 -11 -12
leaf_value=-0.069034583121538165 -0.19891579188406469 -0.19398043778809637 0.36339513982335725 -0.052743485797379565 -0.033892925226074809 0.11108071580529214 -0.017939154321656509 0.0070112391367056458 0.024154168818936204 -0.047888152625249786 -0.002911409673591455
leaf_weight=22 24 22 24 35 34 24 34 465 33 23 60
leaf_count=22 24 22 24 35 34 24 34 465 33 23 60
internal_value=5.14046e-11 0.0102322 0.156581 -0.00137476 -0.0368124 0.00621901 0.0354484 0.00282841 -0.0108759 -0.0207562 -0.0141175
internal_weight=800 626 46 580 174 558 58 500 150 117 94
internal_count=800 626 46 580 174 558 58 500 150 117 94
is_linear=0
shrinkage=0.1


Tree=49
num_leaves=15
num_cat=0
split_feature=2 1 1 0 0 1 0 0 1 0 1 1 1 1
split_gain=29.5501 164.963 135.173 125.995 23.0039 52.5196 5.17125 37.0557 20.5702 2.29324 14.0637 9.51664 2.8053 0.667942
threshold=2.5000000000000004 7.5000000000000009 13.500000000000002 10.31084325612675 3.9764433473817271 31.500000000000004 8.8173678733344207 7.5756857643161917 13.500000000000002 23.113206228437544 67.500000000000014 39.500000000000007 54.500000000000007 63.500000000000007
decision_type=2 2 2 2 2 2 2 2 2 2 2 2 2 2
left_child=2 3 -1 -2 5 -3 7 -6 -8 10 11 -4 -11 -7
right_child=1 4 9 -5 6 13 8 -9 -10 12 -12 -13 -14 -15
leaf_value=0.26816735321825202 -0.029151615243533564 0.17234642767848879 0.015122331934981048 -0.32933721514763659 0.017258929177545585 -0.019813438079186851 0.076569462439843583 -0.12399642082432716 -0.0035913113161921504 0.009466621335595846 0.059590744093599685 -0.058621003276978938 -0.042864107447011135 0.0048538972502169403
leaf_weight=22 29 26 42 27 65 21 35 26 375 20 38 30 21 23
leaf_count=22 29 26 42 27 65 21 35 26 375 20 38 30 21 23
internal_value=-1.72178e-10 -0.0100954 0.0365886 -0.173884 0.00596791 0.0596652 -0.0015347 -0.0230997 0.00325168 0.00284862 0.0103723 -0.0156041 -0.0173369 -0.00691915
internal_weight=800 627 173 56 571 70 501 91 410 151 110 72 41 44
internal_count=800 627 173 56 571 70 501 91 410 151 110 72 41 44
is_linear=0
shrinkage=0.1


Tree=50
num_leaves=9
num_cat=0
split_feature=1 2 1 2 1 1 0 1
split_gain=31.3716 112.179 68.9903 10.3869 36.3193 26.7505 7.5215 2.26187
threshold=6.5000000000000009 4.5000000000000009 9.5000000000000018 8.5000000000000018 32.500000000000007 13.500000000000002 26.065414849236827 55.500000000000007
decision_type=2 2 2 2 2 2 2 2
left_child=1 -1 -2 5 -5 -4 -7 -6
right_child=2 -3 3 4 7 6 -8 -9
leaf_value=0.24269003142481266 -0.18002450547435067 -0.040036542755034238 -0.090679383529898003 0.15036946654319763 -0.031830623881383378 0.0049581174401900525 -0.026950073554072269 0.009564252242897496
leaf_weight=23 22 36 34 20 22 524 86 33
leaf_count=23 22 36 34 20 22 524 86 33
internal_value=2.07045e-10 0.0701789 -0.00558779 -0.00025037 0.0349698 -0.0043521 0.000459586 -0.0069937
internal_weight=800 59 741 719 75 644 610 55
internal_count=800 59 741 719 75 644 610 55
is_linear=0
shrinkage=0.1


Tree=51
num_leaves=10
num_cat=0
split_feature=2 1 1 1 1 1 1 1 1
split_gain=26.6367 92.3508 73.0737 195.147 16.0793 6.49676 15.2065 1.25779 2.33453
threshold=8.5000000000000018 18.500000000000004 8.5000000000000018 4.5000000000000009 13.500000000000002 96.500000000000014 91.500000000000014 45.500000000000007 71.500000000000014
decision_type=2 2 2 2 2 2 2 2 2
left_child=2 -2 3 -1 -4 6 -6 -3 -9
right_child=1 7 4 -5 5 -7 -8 8 -10
leaf_value=-0.028826457491287816 -0.24079729272983968 0.02041339002273701 -0.065816965947548545 0.3335941458741824 -0.0013490341987416666 -0.046637043756033697 0.067571192245711301 -0.031834127828478817 0.015904220335540318
leaf_weight=39 20 27 39 24 548 28 34 20 21
leaf_count=39 20 27 39 24 548 28 34 20 21
internal_value=3.79543e-10 -0.0519032 0.006415 0.109239 -0.00356633 0.000413627 0.00267723 0.00365394 -0.00738278
internal_weight=800 88 712 63 649 610 582 68 41
internal_count=800 88 712 63 649 610 582 68 41
is_linear=0
shrinkage=0.1


Tree=52
num_leaves=9
num_cat=0
split_feature=1 2 1 2 1 1 0 1
split_gain=24.1286 86.9499 64.259 9.19527 32.4292 18.31 6.15253 1.86044
threshold=6.5000000000000009 4.5000000000000009 9.5000000000000018 8.5000000000000018 32.500000000000007 13.500000000000002 26.065414849236827 55.500000000000007
decision_type=2 2 2 2 2 2 2 2
left_child=1 -1 -2 5 -5 -4 -7 -6
right_child=2 -3 3 4 7 6 -8 -9
leaf_value=0.21342496055623761 -0.17324960394339128 -0.035486843561132748 -0.07502974832759185 0.1424335540831089 -0.028788990256461228 0.0044408691401827995 -0.024417838220332944 0.0087533437618703552
leaf_weight=23 22 36 34 20 22 524 86 33
leaf_count=23 22 36 34 20 22 524 86 33
internal_value=-2.82889e-11 0.0615466 -0.00490047 0.000250686 0.033389 -0.00360859 0.000372264 -0.00626359
internal_weight=800 59 741 719 75 644 610 55
internal_count=800 59 741 719 75 644 610 55
is_linear=0
shrinkage=0.1


Tree=53
num_leaves=11
num_cat=0
split_feature=2 1 1 1 0 1 1 1 0 1
split_gain=23.0205 72.7901 57.2148 151.749 144.156 14.8311 5.23545 12.3986 0.829581 0.890298
threshold=8.5000000000000018 18.500000000000004 9.5000000000000018 2.5000000000000004 9.1736008609276691 13.500000000000002 96.500000000000014 91.500000000000014 11.982835068448063 55.500000000000007
decision_type=2 2 2 2 2 2 2 2 2 2
left_child=2 -2 3 -1 -5 -4 7 -7 -3 -10
right_child=1 8 5 4 -6 6 -8 -9 9 -11
leaf_value=-0.10271646595001221 -0.21595202285796403 -0.014899219792674889 -0.067526772793601544 0.010756591707468033 0.37784567553064097 -0.0012685199006732314 -0.041902092844247819 0.060964135102489415 -0.0046090523712337015 0.023241231285712937
leaf_weight=25 20 22 34 20 23 548 28 34 24 22
leaf_count=25 20 22 34 20 23 548 28 34 24 22
internal_value=9.33451e-11 -0.0482515 0.00596367 0.093201 0.207107 -0.00324773 0.000335038 0.00236706 0.00107216 0.00871065
internal_weight=800 88 712 68 43 644 610 582 68 46
internal_count=800 88 712 68 43 644 610 582 68 46
is_linear=0
shrinkage=0.1


Tree=54
num_leaves=13
num_cat=0
split_feature=0 1 0 1 1 1 1 2 2 2 1 0
split_gain=22.5772 88.2742 169.313 79.9614 65.9501 12.0728 4.48705 6.38594 5.42429 3.46011 2.86826 1.4453
threshold=23.887662436693137 5.5000000000000009 7.6458588079170653 8.5000000000000018 13.500000000000002 13.500000000000002 60.500000000000007 6.5000000000000009 4.5000000000000009 4.5000000000000009 28.500000000000004 27.073246997901215
decision_type=2 2 2 2 2 2 2 2 2 2 2 2
left_child=1 2 -1 -3 -2 -5 7 10 -8 -7 -6 -10
right_child=4 3 -4 5 6 9 8 -9 11 -11 -12 -13
leaf_value=-0.053150982595980167 -0.18577638467152913 -0.18798777433958921 0.35832527779042722 0.063221416452101303 -0.039991777725517756 0.011352169843306267 0.005412077587662322 0.051230210781097407 -0.030732732372624534 -0.0048766419762856219 0.0085816034386234901 -0.068294483684003357
leaf_weight=20 24 22 20 35 20 243 33 25 21 286 31 20
leaf_count=20 24 22 20 35 20 243 33 25 21 286 31 20
internal_value=-2.40834e-10 0.00885681 0.152587 -0.000954136 -0.0318642 0.0063415 -0.00723819 0.00982828 -0.0247659 0.00257818 -0.0104668 -0.0490555
internal_weight=800 626 40 586 174 564 150 76 74 529 51 41
internal_count=800 626 40 586 174 564 150 76 74 529 51 41
is_linear=0
shrinkage=0.1


Tree=55
num_leaves=14
num_cat=0
split_feature=2 1 0 1 1 0 0 1 1 0 0 2 1
split_gain=20.1196 145.096 114.188 95.3676 32.3259 25.3321 4.13468 3.94023 1.88412 5.86857 4.9339 8.9127 3.77274
threshold=2.5000000000000004 7.5000000000000009 10.31084325612675 13.500000000000002 13.500000000000002 13.270500851231311 28.3904975822369 96.500000000000014 35.500000000000007 15.258301050293156 17.110245379773662 1.5000000000000002 69.500000000000014
decision_type=2 2 2 2 2 2 2 2 2 2 2 2 2
left_child=3 2 -2 -1 5 -3 7 -6 9 -5 11 -10 -12
right_child=1 4 -4 8 6 -7 -8 -9 10 -11 12 -13 -14
leaf_value=0.22470653856342493 -0.024155262986133838 0.17242018528282643 -0.30993026472904067 -0.049222961223373815 0.0036617678072503653 0.018537233964256619 -0.044653771370649339 -0.037849359617878997 0.070957201470931375 0.022280641374262899 0.0095293292114811568 -0.011073055662787878 -0.045366523947034568
leaf_weight=22 29 20 27 24 484 23 20 24 27 22 31 26 21
leaf_count=22 29 20 27 24 484 23 20 24 27 22 31 26 21
internal_value=-5.32018e-11 -0.00833018 -0.16194 0.0301909 0.00673484 0.0901107 -5.52357e-05 0.00170061 0.00185086 -0.0150256 0.00924435 0.0307159 -0.0126401
internal_weight=800 627 56 173 571 43 528 508 151 46 105 53 52
internal_count=800 627 56 173 571 43 528 508 151 46 105 53 52
is_linear=0
shrinkage=0.1


Tree=56
num_leaves=9
num_cat=0
split_feature=1 2 1 2 1 1 1 0
split_gain=22.0475 64.1162 54.0564 8.29945 30.6448 26.3598 5.53083 3.48701
threshold=6.5000000000000009 4.5000000000000009 9.5000000000000018 7.5000000000000009 21.500000000000004 13.500000000000002 96.500000000000014 15.534940407698462
decision_type=2 2 2 2 2 2 2 2
left_child=1 -1 -2 5 -5 -4 -7 -6
right_child=2 -3 3 4 7 6 -8 -9
leaf_value=0.18925282955169678 -0.15909161432222887 -0.024491523661547238 -0.10021739037973541 0.12700669765472414 0.019447465575931053 0.0016231704268633851 -0.045664428590008847 -0.012905693403445185
leaf_weight=23 22 36 28 23 62 508 26 72
leaf_count=23 22 36 28 23 62 508 26 72
internal_value=2.5297e-10 0.0588325 -0.00468437 4.01884e-05 0.0203674 -0.00563842 -0.000679222 0.00206368
internal_weight=800 59 741 719 157 562 534 134
internal_count=800 59 741 719 157 562 534 134
is_linear=0
shrinkage=0.1


Tree=57
num_leaves=8
num_cat=0
split_feature=0 0 1 1 1 2 2
split_gain=18.7764 58.0835 50.6179 203.471 49.7591 26.8837 7.14761
threshold=2.2057249897264457 2.9529159232009801 6.5000000000000009 2.5000000000000004 10.500000000000002 4.5000000000000009 8.5000000000000018
decision_type=2 2 2 2 2 2 2
left_child=5 -2 3 -3 -4 -1 -6
right_child=1 2 4 -5 6 -7 -8
leaf_value=-0.022123442813754085 -0.17184307837917004 -0.13623107416289193 -0.13669396330203329 0.27554441834134713 -0.0041733537818003192 0.13485881411470474 0.029626624473437137
leaf_weight=20 20 21 28 28 589 24 70
leaf_count=20 20 21 28 28 589 24 70
internal_value=-4.57207e-10 -0.00369596 0.000873259 0.0990692 -0.00613053 0.0635032 -0.000583068
internal_weight=800 756 736 49 687 44 659
internal_count=800 756 736 49 687 44 659
is_linear=0
shrinkage=0.1


Tree=58
num_leaves=11
num_cat=0
split_feature=2 1 1 1 1 0 1 1 0 1
split_gain=19.736 54.8792 45.9612 141.654 12.0708 4.73046 3.93319 1.74991 0.77947 0.968228
threshold=8.5000000000000018 18.500000000000004 9.5000000000000018 4.5000000000000009 13.500000000000002 3.4098144128026133 91.500000000000014 73.500000000000014 11.982835068448063 55.500000000000007
decision_type=2 2 2 2 2 2 2 2 2 2
left_child=2 -2 3 -1 -4 7 -7 -6 -3 -10
right_child=1 8 4 -5 5 6 -8 -9 9 -11
leaf_value=-0.040748281547656431 -0.19029052779078484 -0.017330910807306116 -0.060723789606024238 0.25108642454805047 0.039742415551191727 -0.0051684337673742527 0.023248238922786657 0.0033604560047388078 -0.008335655529905733 0.020707969189706174
leaf_weight=39 20 22 34 29 39 497 54 20 24 22
leaf_count=39 20 22 34 29 39 497 54 20 24 22
internal_value=1.58558e-10 -0.0446769 0.00552187 0.0837106 -0.00273409 0.000498126 -0.0023835 0.0274095 -0.00184942 0.00555477
internal_weight=800 88 712 68 644 610 551 59 68 46
internal_count=800 88 712 68 644 610 551 59 68 46
is_linear=0
shrinkage=0.1


Tree=59
num_leaves=12
num_cat=0
split_feature=0 1 0 1 1 1 1 1 2 2 2
split_gain=17.8624 77.9705 150.323 69.6617 56.3856 10.6458 3.65161 3.49769 5.26288 4.47968 5.93295
threshold=23.887662436693137 5.5000000000000009 7.6458588079170653 8.5000000000000018 13.500000000000002 13.500000000000002 91.500000000000014 74.500000000000014 4.5000000000000009 7.5000000000000009 2.5000000000000004
decision_type=2 2 2 2 2 2 2 2 2 2 2
left_child=1 2 -1 -3 -2 -5 -7 9 -9 10 -6
right_child=4 3 -4 5 7 6 -8 8 -10 -11 -12
leaf_value=-0.050897757560014724 -0.17065704775353274 -0.17591540650887924 0.33681725710630417 0.058879370050770902 0.031212473798681192 -0.00069160603263692278 0.028233629449581105 0.0052781912569816302 -0.058348633012232878 0.044159205970556843 -0.027382895412544413
leaf_weight=20 24 22 20 35 27 481 48 26 26 23 48
leaf_count=20 24 22 20 35 27 481 48 26 26 23 48
internal_value=-4.62809e-10 0.00787792 0.14296 -0.00134268 -0.0283424 0.0054669 0.00193299 -0.00557208 -0.0265352 0.00555122 -0.00628856
internal_weight=800 626 40 586 174 564 529 150 52 98 75
internal_count=800 626 40 586 174 564 529 150 52 98 75
is_linear=0
shrinkage=0.1


Tree=60
num_leaves=12
num_cat=0
split_feature=2 1 1 1 1 2 0 1 0 0 0
split_gain=16.3924 44.5966 38.2581 154.341 8.34608 64.5765 17.7904 8.95899 6.03341 0.897072 1.87967
threshold=8.5000000000000018 18.500000000000004 8.5000000000000018 4.5000000000000009 18.500000000000004 3.5000000000000004 19.186509150964422 21.500000000000004 11.179828851745265 15.976700362736766 22.31550909829096
decision_type=2 2 2 2 2 2 2 2 2 2 2
left_child=2 -2 3 -1 5 -4 -7 -6 -9 -3 -11
right_child=1 9 4 -5 7 6 -8 8 -10 10 -12
leaf_value=-0.04335211874582829 -0.17198186554014683 0.011618513401065554 -0.15506332101566453 0.27895774369438492 0.066189864419755481 -0.014254991966299714 0.10419796783299673 0.01379873964181842 -0.0081539137634546333 -0.033396828740369526 0.0099583360739052308
leaf_weight=39 20 28 28 24 21 32 21 194 353 20 20
leaf_count=39 20 28 28 24 21 32 21 194 353 20 20
internal_value=1.33296e-10 -0.0407169 0.00503243 0.0794326 -0.00218978 -0.0322194 0.0326792 0.00209263 -0.000368146 -0.00210958 -0.0117192
internal_weight=800 88 712 63 649 81 53 568 547 68 40
internal_count=800 88 712 63 649 81 53 568 547 68 40
is_linear=0
shrinkage=0.1


Tree=61
num_leaves=13
num_cat=0
split_feature=2 1 0 1 1 0 2 1 0 0 1 1
split_gain=16.3979 131.77 101.426 69.6738 36.4717 20.291 3.76471 7.6713 3.31201 1.78843 4.98514 5.60302
threshold=2.5000000000000004 7.5000000000000009 10.31084325612675 13.500000000000002 13.500000000000002 13.270500851231311 4.5000000000000009 44.500000000000007 21.009066107625902 4.644310393157224 74.500000000000014 63.500000000000007
decision_type=2 2 2 2 2 2 2 2 2 2 2 2
left_child=3 2 -2 -1 5 -3 7 -6 -8 -5 11 -11
right_child=1 4 -4 9 6 -7 8 -9 -10 10 -12 -13
leaf_value=0.19351626485586168 -0.024049696120722542 0.16906310409307479 -0.29338154792785648 0.02938555797392672 -0.016005904581703125 0.031339951572210895 0.00031155884800204247 0.028661932909968671 -0.020368569623678924 -0.0032703091944935488 -0.036414167765648139 0.054036490009589634
leaf_weight=22 29 20 27 22 61 23 251 104 112 76 31 22
leaf_count=22 29 20 27 22 61 23 251 104 112 76 31 22
internal_value=6.0696e-10 -0.00752035 -0.153906 0.0272558 0.00683622 0.0953972 -0.000376132 0.0121484 -0.00606909 0.00303247 -0.00146186 0.00959448
internal_weight=800 627 56 173 571 43 528 165 363 151 129 98
internal_count=800 627 56 173 571 43 528 165 363 151 129 98
is_linear=0
shrinkage=0.1


Tree=62
num_leaves=9
num_cat=0
split_feature=1 0 1 2 1 1 1 1
split_gain=16.2259 50.6883 50.3949 6.94014 27.7034 12.2668 3.21686 1.21394
threshold=6.5000000000000009 14.970762372067332 9.5000000000000018 8.5000000000000018 32.500000000000007 13.500000000000002 96.500000000000014 55.500000000000007
decision_type=2 2 2 2 2 2 2 2
left_child=1 -1 -2 5 -5 -4 -7 -6
right_child=2 -3 3 4 7 6 -8 -9
leaf_value=0.12455778792500496 -0.15310479808937422 -0.065490737816561825 -0.061268217686344599 0.13011897262185812 -0.025512616048482335 0.0020415055319941201 -0.032659347328756541 0.0048131883458347258
leaf_weight=36 22 23 34 20 22 582 28 33
leaf_count=36 22 23 34 20 22 582 28 33
internal_value=5.67697e-11 0.0504711 -0.00401861 0.000543132 0.0293325 -0.00280967 0.000448679 -0.00731713
internal_weight=800 59 741 719 75 644 610 55
internal_count=800 59 741 719 75 644 610 55
is_linear=0
shrinkage=0.1


Tree=63
num_leaves=12
num_cat=0
split_feature=2 1 0 1 1 1 2 1 1 0 2
split_gain=13.608 110.748 75.0989 58.3423 33.9151 3.19695 8.89286 7.12983 1.5527 2.53053 3.99648
threshold=2.5000000000000004 7.5000000000000009 10.31084325612675 13.500000000000002 11.500000000000002 22.500000000000004 6.5000000000000009 25.500000000000004 85.500000000000014 7.685637057083432 1.5000000000000002
decision_type=2 2 2 2 2 2 2 2 2 2 2
left_child=3 2 -2 -1 -3 6 -6 -7 9 -5 -11
right_child=1 4 -4 8 5 7 -8 -9 -10 10 -12
leaf_value=0.17696999975226144 -0.029313220700313305 0.11363555129085268 -0.26106862983217949 -0.026585621867449057 -0.0097129388803207303 -0.056502850629065349 0.061933959573507315 0.00058234361278303886 0.025989558920264246 0.024654199159704151 -0.016375852566818859
leaf_weight=22 29 28 27 31 41 23 30 449 24 53 43
leaf_count=22 29 28 27 31 41 23 30 449 24 53 43
internal_value=8.37317e-11 -0.00685079 -0.141052 0.0248292 0.00631084 0.000776602 0.0205604 -0.00219935 0.00266295 -0.00174522 0.00627616
internal_weight=800 627 56 173 571 543 71 472 151 127 96
internal_count=800 627 56 173 571 543 71 472 151 127 96
is_linear=0
shrinkage=0.1


Tree=64
num_leaves=9
num_cat=0
split_feature=1 0 1 2 1 1 0 1
split_gain=19.0444 59.8615 43.9964 5.43849 21.1695 13.5693 3.33086 1.06081
threshold=6.5000000000000009 7.6458588079170653 9.5000000000000018 8.5000000000000018 32.500000000000007 13.500000000000002 3.4098144128026133 71.500000000000014
decision_type=2 2 2 2 2 2 2 2
left_child=1 -1 -2 5 -5 -4 -7 -6
right_child=2 -3 3 4 7 6 -8 -9
leaf_value=-0.075949258492751567 -0.14365417009050196 0.13235001483479061 -0.064543265630217159 0.11349675126373769 -0.017558269399930448 0.022949691107338771 -0.0020503994723538549 0.011027624466944309
leaf_weight=22 22 37 34 20 34 59 551 21
leaf_count=22 22 37 34 20 34 59 551 21
internal_value=-3.32278e-10 0.0546791 -0.00435367 -9.13427e-05 0.0253938 -0.00305933 0.000367642 -0.00664366
internal_weight=800 59 741 719 75 644 610 55
internal_count=800 59 741 719 75 644 610 55
is_linear=0
shrinkage=0.1


Tree=65
num_leaves=7
num_cat=0
split_feature=1 2 1 1 1 2
split_gain=15.7092 69.2143 47.1323 16.5703 6.10875 2.98174
threshold=5.5000000000000009 5.5000000000000009 8.5000000000000018 11.500000000000002 13.500000000000002 4.5000000000000009
decision_type=2 2 2 2 2 2
left_child=1 -1 -2 -4 -5 -6
right_child=2 -3 3 4 5 -7
leaf_value=-0.054319089761486763 -0.1386162223815918 0.18174886062093404 0.081034233927726754 -0.054939407110214236 0.0069252614160304109 -0.0063600923447194955
leaf_weight=27 25 23 25 21 316 363
leaf_count=27 25 23 25 21 316 363
internal_value=2.45491e-10 0.0542722 -0.00361814 0.00103696 -0.00182008 -0.000177218
internal_weight=800 50 750 725 700 679
internal_count=800 50 750 725 700 679
is_linear=0
shrinkage=0.1


Tree=66
num_leaves=9
num_cat=0
split_feature=1 2 1 2 1 1 1 0
split_gain=13.9074 49.2883 31.4083 5.09465 21.1124 18.7441 4.53497 2.61491
threshold=6.5000000000000009 4.5000000000000009 9.5000000000000018 7.5000000000000009 21.500000000000004 13.500000000000002 96.500000000000014 15.534940407698462
decision_type=2 2 2 2 2 2 2 2
left_child=1 -1 -2 5 -5 -4 -7 -6
right_child=2 -3 3 4 7 6 -8 -9
leaf_value=0.1610755742891975 -0.12141759531064467 -0.026330109023385579 -0.084322950935789523 0.10432018832020139 0.015668259056345109 0.0016984549634283279 -0.041120818357628125 -0.012348542744035108
leaf_weight=23 22 36 28 23 62 508 26 72
leaf_count=23 22 36 28 23 62 508 26 72
internal_value=-3.4977e-10 0.0467263 -0.00372045 -0.000119148 0.015807 -0.00456827 -0.000386379 0.000614455
internal_weight=800 59 741 719 157 562 534 134
internal_count=800 59 741 719 157 562 534 134
is_linear=0
shrinkage=0.1


Tree=67
num_leaves=11
num_cat=0
split_feature=2 1 1 1 1 2 0 1 0 0
split_gain=13.65 35.8909 140.589 34.0229 7.12679 55.1495 15.6074 6.47374 4.203 3.06949
threshold=8.5000000000000018 8.5000000000000018 4.5000000000000009 27.500000000000004 18.500000000000004 3.5000000000000004 19.186509150964422 21.500000000000004 9.1330625872444156 11.982835068448063
decision_type=2 2 2 2 2 2 2 2 2 2
left_child=1 2 -1 -2 5 -3 -7 -6 -9 -5
right_child=3 4 -4 9 7 6 -8 8 -10 -11
leaf_value=-0.040532968212396672 -0.12817611090639341 -0.14367644871984209 0.2670824351410071 -0.025502191200142816 0.05604059896653607 -0.014138116396497936 0.096809713400545575 0.012975689920562286 -0.0062236093559193536 0.021918354000006683
leaf_weight=39 28 28 24 21 21 32 21 162 385 39
leaf_count=39 28 28 24 21 21 32 21 162 385 39
internal_value=-2.44392e-10 0.00459222 0.0766539 -0.0371552 -0.00240298 -0.0301525 0.0298223 0.00155427 -0.000537528 0.00532116
internal_weight=800 712 63 88 649 81 53 568 547 60
internal_count=800 712 63 88 649 81 53 568 547 60
is_linear=0
shrinkage=0.1


Tree=68
num_leaves=13
num_cat=0
split_feature=0 1 0 1 1 1 1 1 0 2 2 1
split_gain=13.4444 69.1135 132.006 57.3883 46.7011 9.45272 3.57743 2.3502 3.76226 4.06934 3.46687 1.91204
threshold=23.887662436693137 5.5000000000000009 7.6458588079170653 8.5000000000000018 13.500000000000002 13.500000000000002 91.500000000000014 60.500000000000007 25.783110994252144 4.5000000000000009 6.5000000000000009 28.500000000000004
decision_type=2 2 2 2 2 2 2 2 2 2 2 2
left_child=1 2 -1 -3 -2 -5 -7 10 -9 -10 11 -6
right_child=4 3 -4 5 7 6 -8 8 9 -11 -12 -13
leaf_value=-0.047650522366166119 -0.15410646088421345 -0.16029616133733229 0.31567629816941922 0.054664813216243474 -0.03057446353137493 -0.0015936659518077491 0.027036247254970176 -0.052372120134532456 0.029288112598916761 -0.026620049520861357 0.038990801990032201 0.0090841328424792131
leaf_weight=20 24 22 20 35 20 481 48 21 23 30 25 31
leaf_count=20 24 22 20 35 20 481 48 21 23 30 25 31
internal_value=-7.60032e-10 0.00683459 0.134013 -0.00184652 -0.0245888 0.00433414 0.00100413 -0.003866 -0.0165512 -0.00235802 0.00848538 -0.00646826
internal_weight=800 626 40 586 174 564 529 150 74 53 76 51
internal_count=800 626 40 586 174 564 529 150 74 53 76 51
is_linear=0
shrinkage=0.1


Tree=69
num_leaves=7
num_cat=0
split_feature=0 0 1 1 1 2
split_gain=13.0591 51.2169 33.2919 147.167 30.8074 21.4283
threshold=2.2057249897264457 2.9529159232009801 2.5000000000000004 6.5000000000000009 10.500000000000002 4.5000000000000009
decision_type=2 2 2 2 2 2
left_child=5 -2 -3 -4 -5 -1
right_child=1 2 3 4 -6 -7
leaf_value=-0.023486844170838597 -0.16097774260211739 -0.12289223358744668 0.22957823319094525 -0.10703962509121215 5.9154916417605507e-05 0.11666523211946089
leaf_weight=20 20 21 28 28 659 24
leaf_count=20 20 21 28 28 659 24
internal_value=1.30848e-09 -0.00308231 0.00120833 0.00485324 -0.00430586 0.0529597
internal_weight=800 756 736 715 687 44
internal_count=800 756 736 715 687 44
is_linear=0
shrinkage=0.1


Tree=70
num_leaves=13
num_cat=0
split_feature=2 1 0 1 1 0 2 0 0 0 1 0
split_gain=12.5581 109.66 83.079 50.638 38.2539 15.591 3.28962 6.93649 4.26978 1.80339 4.33548 4.61723
threshold=2.5000000000000004 7.5000000000000009 10.31084325612675 13.500000000000002 13.500000000000002 13.270500851231311 4.5000000000000009 9.9522375735346298 4.9871553590434354 4.644310393157224 74.500000000000014 21.773764297852328
decision_type=2 2 2 2 2 2 2 2 2 2 2 2
left_child=3 2 -2 -1 5 -3 7 -6 -8 -5 11 -11
right_child=1 4 -4 9 6 -7 8 -9 -10 10 -12 -13
leaf_value=0.16559218053113334 -0.0225957117123722 0.16178772039711475 -0.26635365927660909 0.029664361222901128 0.039442023475255286 0.041064133268335593 -0.031063084111645309 -0.0038596311908796299 -0.00146304298253333 -0.0075408828012915631 -0.033907113440575141 0.0374844479891989
leaf_weight=22 29 20 27 22 56 23 58 109 305 62 31 36
leaf_count=22 29 20 27 22 56 23 58 109 305 62 31 36
internal_value=4.44386e-10 -0.00658123 -0.140122 0.0238522 0.00651558 0.0972146 -0.000870897 0.0108367 -0.00619253 0.00320133 -0.00131175 0.00899903
internal_weight=800 627 56 173 571 43 528 165 363 151 129 98
internal_count=800 627 56 173 571 43 528 165 363 151 129 98
is_linear=0
shrinkage=0.1


Tree=71
num_leaves=13
num_cat=0
split_feature=0 1 1 2 1 1 2 1 0 1 2 2
split_gain=11.3531 64.9638 47.0427 42.4312 173.79 31.6428 8.21916 17.0464 5.00285 3.85837 10.4707 8.2659
threshold=22.31550909829096 5.5000000000000009 8.5000000000000018 2.5000000000000004 14.500000000000002 36.500000000000007 8.5000000000000018 45.500000000000007 13.947969370790547 77.500000000000014 4.5000000000000009 5.5000000000000009
decision_type=2 2 2 2 2 2 2 2 2 2 2 2
left_child=1 -1 -3 5 -5 -2 8 -8 -4 10 -6 -11
right_child=3 2 6 4 9 -7 7 -9 -10 11 -12 -13
leaf_value=0.13178559724145975 0.15503284290432931 -0.14504002793268725 -0.0081181684761499392 -0.32229908235371113 -0.074053373172258338 -0.0018462021731668048 0.095455562482987144 -0.01590649173250077 0.012942329411461055 0.063529038855007713 0.0032361600605341104 -0.025196854291217669
leaf_weight=39 20 22 294 20 24 36 28 27 183 21 65 21
leaf_count=39 20 22 294 20 24 36 28 27 183 21 65 21
internal_value=1.96715e-10 0.00703835 -0.00174349 -0.020163 -0.0477347 0.054182 0.0041823 0.0407869 -3.83548e-05 -0.00581645 -0.017606 0.0191661
internal_weight=800 593 554 207 151 56 532 55 477 131 89 42
internal_count=800 593 554 207 151 56 532 55 477 131 89 42
is_linear=0
shrinkage=0.1


Tree=72
num_leaves=10
num_cat=0
split_feature=2 1 1 1 1 0 1 2 0
split_gain=11.3834 30.6427 131.283 27.4251 7.10315 2.99771 6.08732 2.94659 2.5448
threshold=8.5000000000000018 8.5000000000000018 4.5000000000000009 27.500000000000004 13.500000000000002 26.960005380414191 91.500000000000014 4.5000000000000009 11.982835068448063
decision_type=2 2 2 2 2 2 2 2 2
left_child=1 2 -1 -2 -3 6 -6 -7 -5
right_child=3 4 -4 8 5 7 -8 -9 -10
leaf_value=-0.042463563726498538 -0.11565064331516624 -0.043644702081114817 0.25479687911768756 -0.02385990144241424 -0.0007726691217952961 -0.00030768575037226956 0.034305987156588925 -0.043697910550339475 0.019317892709603678
leaf_weight=39 28 39 24 21 492 34 55 29 39
leaf_count=39 28 39 24 21 492 34 55 29 39
internal_value=-3.86208e-11 0.00419365 0.0707785 -0.0339304 -0.0022699 0.000375369 0.00275444 -0.020281 0.00420566
internal_weight=800 712 63 88 649 610 547 63 60
internal_count=800 712 63 88 649 610 547 63 60
is_linear=0
shrinkage=0.1


Tree=73
num_leaves=8
num_cat=0
split_feature=0 0 1 1 1 2 2
split_gain=9.82894 43.2478 32.0445 114.78 26.9605 18.5953 4.30555
threshold=2.2057249897264457 2.9529159232009801 6.5000000000000009 2.5000000000000004 10.500000000000002 4.5000000000000009 8.5000000000000018
decision_type=2 2 2 2 2 2 2
left_child=5 -2 3 -3 -4 -1 -6
right_child=1 2 4 -5 6 -7 -8
leaf_value=-0.025268522575497627 -0.14776663586031646 -0.097328717651821328 -0.10040975537683283 0.21194425025688754 -0.0030070584508114463 0.10529050193727017 0.023226081081998667
leaf_weight=20 20 21 28 28 589 24 70
leaf_count=20 20 21 28 28 589 24 70
internal_value=-1.10071e-10 -0.00267408 0.00126866 0.0793987 -0.00430394 0.0459455 -0.000220534
internal_weight=800 756 736 49 687 44 659
internal_count=800 756 736 49 687 44 659
is_linear=0
shrinkage=0.1


Tree=74
num_leaves=12
num_cat=0
split_feature=2 0 1 2 1 1 1 1 0 1 1
split_gain=10.5043 27.8342 81.0185 25.2543 116.27 80.8356 74.8964 8.72447 3.72468 0.981781 0.434768
threshold=8.5000000000000018 8.7014077964617282 24.500000000000004 7.5000000000000009 3.5000000000000004 8.5000000000000018 20.500000000000004 13.500000000000002 18.701180493024161 68.500000000000014 55.500000000000007
decision_type=2 2 2 2 2 2 2 2 2 2 2
left_child=3 -2 -3 4 -1 -6 -5 -7 9 -8 -4
right_child=1 2 10 6 5 7 8 -9 -10 -11 -12
leaf_value=-0.21898986777911583 0.067862058076120557 -0.23265329517424105 -0.0030486100663741429 0.22415929313283414 0.16546715875466667 -0.052868402704144973 0.037221217849715188 0.00011423362490624253 -0.025991680324077605 0.0079750299453735362 0.016296951830512486
leaf_weight=24 21 20 21 20 30 33 22 534 25 24 26
leaf_count=24 21 20 21 20 30 33 22 534 25 24 26
internal_value=2.58187e-11 -0.0325939 -0.0640801 0.00402846 -0.003181 0.00549474 0.053227 -0.00296941 0.00507712 0.0219623 0.00765319
internal_weight=800 88 67 712 621 597 91 567 71 46 47
internal_count=800 88 67 712 621 597 91 567 71 46 47
is_linear=0
shrinkage=0.1


Tree=75
num_leaves=12
num_cat=0
split_feature=0 1 0 1 2 1 1 1 2 1 1
split_gain=9.17088 55.4874 106.943 52.2101 32.7513 148.405 33.5846 8.45705 4.01663 2.57163 4.10355
threshold=23.887662436693137 5.5000000000000009 7.6458588079170653 8.5000000000000018 2.5000000000000004 16.500000000000004 48.500000000000007 13.500000000000002 4.5000000000000009 32.500000000000007 67.500000000000014
decision_type=2 2 2 2 2 2 2 2 2 2 2
left_child=1 2 -1 -3 6 -6 -2 -5 -9 -7 -11
right_child=4 3 -4 7 5 9 -8 8 -10 10 -12
leaf_value=-0.043912496864795689 0.13021468704938888 -0.15326576991514729 0.28310964006930589 0.05136782079935074 -0.27675066956359412 0.036387426033616069 -0.037224416564340182 0.010065137827385662 -0.0074201360957135715 -0.02896428629755974 0.015901835669733664
leaf_weight=20 25 22 20 35 23 20 23 243 286 36 47
leaf_count=20 25 22 20 35 23 20 23 243 286 36 47
internal_value=-1.14569e-10 0.00564479 0.119599 -0.00213362 -0.0203083 -0.0470861 0.0499834 0.0037616 0.000611852 0.00419826 -0.00355817
internal_weight=800 626 40 586 174 126 48 564 529 103 83
internal_count=800 626 40 586 174 126 48 564 529 103 83
is_linear=0
shrinkage=0.1


Tree=76
num_leaves=12
num_cat=0
split_feature=0 1 1 2 1 2 1 1 2 0 0
split_gain=8.9293 35.1139 28.9979 173.266 25.8401 8.06516 9.8662 7.53841 14.3436 8.09439 1.09412
threshold=4.644310393157224 13.500000000000002 8.5000000000000018 5.5000000000000009 11.500000000000002 4.5000000000000009 54.500000000000007 43.500000000000007 6.5000000000000009 9.1330625872444156 2.7820395652082235
decision_type=2 2 2 2 2 2 2 2 2 2 2
left_child=1 -1 3 -2 -4 10 -7 8 -6 -9 -3
right_child=2 5 4 -5 7 6 -8 9 -10 -11 -12
leaf_value=0.1392498354342851 0.098539513760599606 0.046452949462192403 0.11078930004012018 -0.25021240766093666 -0.033758467014290784 0.015255352799539212 -0.0710512948437379 0.03854256217296307 0.022369723034162934 -0.0002058973448952259 0.016257440139140402
leaf_weight=22 29 21 21 28 152 27 26 65 65 316 28
leaf_count=22 29 21 21 28 152 27 26 65 65 316 28
internal_value=-9.01869e-10 0.0246676 -0.00452482 -0.0727772 0.00176013 -4.62635e-05 -0.0270838 -0.00206865 -0.0169459 0.00640473 0.0291984
internal_weight=800 124 676 57 619 102 53 598 217 381 49
internal_count=800 124 676 57 619 102 53 598 217 381 49
is_linear=0
shrinkage=0.1


Tree=77
num_leaves=12
num_cat=0
split_feature=0 2 1 0 1 1 2 1 1 0 0
split_gain=7.23273 31.345 83.2122 78.162 70.2324 23.4883 140.346 20.9305 6.10611 13.1636 7.06667
threshold=4.644310393157224 5.5000000000000009 29.500000000000004 3.7146644349344733 28.500000000000004 8.5000000000000018 5.5000000000000009 11.500000000000002 43.500000000000007 10.021962460683305 5.8646495111921215
decision_type=2 2 2 2 2 2 2 2 2 2 2
left_child=1 3 -3 4 -1 6 -2 -7 9 -9 -10
right_child=5 2 -4 -5 -6 7 -8 8 10 -11 -12
leaf_value=-0.22901879033306616 0.088685568036704243 0.23476015357744126 -0.030653119639114098 0.12709026268124582 0.0094236293931802134 0.099710369571333834 -0.22519115818930524 -0.062093112578100351 0.06362495318055153 -0.0023009005988783699 0.002558680302063597
leaf_weight=21 29 21 27 25 30 21 28 47 20 170 361
leaf_count=21 29 21 27 25 30 21 28 47 20 170 361
internal_value=-1.11075e-10 0.0222008 0.0854652 -0.0177556 -0.0887585 -0.00407234 -0.0654995 0.00158412 -0.00186178 -0.0152513 0.00576426
internal_weight=800 124 48 76 51 676 57 619 598 217 381
internal_count=800 124 48 76 51 676 57 619 598 217 381
is_linear=0
shrinkage=0.1


Tree=78
num_leaves=9
num_cat=0
split_feature=1 0 2 1 1 1 0 0
split_gain=10.1895 40.4408 21.8828 64.3362 39.8318 10.3304 3.0981 2.54758
threshold=6.5000000000000009 7.6458588079170653 8.5000000000000018 27.500000000000004 11.500000000000002 15.500000000000002 3.4098144128026133 11.982835068448063
decision_type=2 2 2 2 2 2 2 2
left_child=1 -1 4 -4 -2 -6 -7 -5
right_child=2 -3 3 7 5 6 -8 -9
leaf_value=-0.067371872406114239 0.11162786036729813 0.1038359299100734 -0.20790691885165868 -0.028886913046950388 -0.055537888407707216 0.022115111010054412 -0.0020304801584021233 0.014314486174724805
leaf_weight=22 32 37 20 21 35 59 535 39
leaf_count=22 32 37 20 21 35 59 535 39
internal_value=-3.42668e-10 0.0399957 -0.00318455 -0.0525812 0.00279387 -0.00274299 0.000367819 -0.000806004
internal_weight=800 59 741 80 661 629 594 60
internal_count=800 59 741 80 661 629 594 60
is_linear=0
shrinkage=0.1


Tree=79
num_leaves=7
num_cat=0
split_feature=1 2 1 1 1 1
split_gain=8.34948 79.8229 32.3532 12.601 3.75615 2.69173
threshold=5.5000000000000009 5.5000000000000009 8.5000000000000018 11.500000000000002 13.500000000000002 96.500000000000014
decision_type=2 2 2 2 2 2
left_child=1 -1 -2 -4 -5 -6
right_child=2 -3 3 4 5 -7
leaf_value=-0.077049963507387381 -0.11448546433448792 0.17646460837644082 0.070979983299970628 -0.04292558062644232 0.0013695022399797003 -0.029268980113168558
leaf_weight=27 25 23 25 21 649 30
leaf_count=27 25 23 25 21 649 30
internal_value=3.86615e-10 0.0395667 -0.00263778 0.00121903 -0.00127243 1.58138e-05
internal_weight=800 50 750 725 700 679
internal_count=800 50 750 725 700 679
is_linear=0
shrinkage=0.1


Tree=80
num_leaves=9
num_cat=0
split_feature=1 2 1 2 1 1 0 1
split_gain=7.5331 36.8785 20.36 4.52821 22.7944 10.1439 2.48531 1.02647
threshold=6.5000000000000009 4.5000000000000009 9.5000000000000018 8.5000000000000018 32.500000000000007 13.500000000000002 3.4098144128026133 55.500000000000007
decision_type=2 2 2 2 2 2 2 2
left_child=1 -1 -2 5 -5 -4 -7 -6
right_child=2 -3 3 4 7 6 -8 -9
leaf_value=0.13330121561884881 -0.097499936277216134 -0.028804202265261366 -0.055706835428581514 0.11483784429728985 -0.026559778971766885 0.019922437998702972 -0.001672550411168114 0.0013261857174449799
leaf_weight=23 22 36 34 20 22 59 551 33
leaf_count=23 22 36 34 20 22 59 551 33
internal_value=1.47033e-10 0.0343894 -0.00273816 0.000161366 0.0234161 -0.00254687 0.000416145 -0.0098282
internal_weight=800 59 741 719 75 644 610 55
internal_count=800 59 741 719 75 644 610 55
is_linear=0
shrinkage=0.1


Tree=81
num_leaves=13
num_cat=0
split_feature=0 1 1 1 2 1 1 1 1 0 1 0
split_gain=7.46512 48.5927 34.9767 29.3514 7.44353 16.6536 5.61575 1.52395 2.9744 7.44634 1.04965 2.10258
threshold=22.31550909829096 5.5000000000000009 8.5000000000000018 13.500000000000002 8.5000000000000018 45.500000000000007 12.500000000000002 46.500000000000007 87.500000000000014 26.903004274694016 27.500000000000004 25.558344317280948
decision_type=2 2 2 2 2 2 2 2 2 2 2 2
left_child=1 -1 -3 -2 6 -6 -4 10 9 -9 -5 -12
right_child=3 2 4 7 5 -7 -8 8 -10 -11 11 -13
leaf_value=0.11359723750979474 -0.11357613123125501 -0.12544818954034284 -0.051355999353386111 -0.0050511015234170134 0.092091448285749986 -0.017979833692381229 0.0015337105917033592 -0.046167593532138403 0.016961264445853885 0.014850184031658704 -0.0024600027501583098 0.043393865004181867
leaf_weight=39 27 22 21 27 28 27 456 45 32 36 20 20
leaf_count=39 27 22 21 27 28 27 456 45 32 36 20 20
internal_value=6.47327e-10 0.00570731 -0.00188783 -0.0163499 0.00322181 0.0380565 -0.000794767 -0.00176598 -0.0088511 -0.0190486 0.0101835 0.0204669
internal_weight=800 593 554 207 532 55 477 180 113 81 67 40
internal_count=800 593 554 207 532 55 477 180 113 81 67 40
is_linear=0
shrinkage=0.1


Tree=82
num_leaves=6
num_cat=0
split_feature=0 0 1 1 1
split_gain=6.64454 16.4144 27.7912 98.2332 20.1082
threshold=1.3242103650481314 2.5639682120650309 2.5000000000000004 6.5000000000000009 10.500000000000002
decision_type=2 2 2 2 2
left_child=-1 -2 -3 -4 -5
right_child=1 2 3 4 -6
leaf_value=0.056914072185754776 -0.071595246647484609 -0.10918746245178311 0.18855442548436779 -0.085497456789016726 0.00099894875438133273
leaf_weight=20 32 22 28 28 670
leaf_count=20 32 22 28 28 670
internal_value=2.07452e-10 -0.00145933 0.00154113 0.00489654 -0.00247082
internal_weight=800 780 748 726 698
internal_count=800 780 748 726 698
is_linear=0
shrinkage=0.1


Tree=83
num_leaves=13
num_cat=0
split_feature=0 1 0 2 1 1 0 1 2 0 1 0
split_gain=6.89989 38.0598 28.3504 36.1648 341.122 117.965 27.8048 26.509 2.21259 2.51685 4.63197 0.168897
threshold=23.887662436693137 2.5000000000000004 2.5639682120650309 6.5000000000000009 9.5000000000000018 11.500000000000002 1.5373792249514173 12.500000000000002 2.5000000000000004 28.3904975822369 67.500000000000014 26.903004274694016
decision_type=2 2 2 2 2 2 2 2 2 2 2 2
left_child=1 -1 6 4 -4 -5 -3 -2 11 10 -10 -9
right_child=7 2 3 5 -6 -7 -8 8 9 -11 -12 -13
leaf_value=0.13114907132542653 -0.12297091689847767 0.0040720372096351952 0.41581771657580424 -0.24715516791276804 0.00089874819738318108 -0.00037179218064763668 -0.1497926263138652 -0.029355340711772444 -0.0087748909890651705 -0.026930471545174008 0.036880193799734118 -0.016658107529986987
leaf_weight=23 21 23 21 22 351 162 24 20 50 21 40 22
leaf_count=23 21 23 21 22 351 162 24 20 50 21 40 22
internal_value=-3.98431e-11 0.00489625 8.06343e-05 0.00638487 0.0243216 -0.0298785 -0.0744972 -0.0176152 -0.00315465 0.00424255 0.0115163 -0.0227044
internal_weight=800 626 603 556 372 184 47 174 153 111 90 42
internal_count=800 626 603 556 372 184 47 174 153 111 90 42
is_linear=0
shrinkage=0.1


Tree=84
num_leaves=9
num_cat=0
split_feature=0 0 0 1 1 2 1 2
split_gain=8.24672 30.9102 19.6028 62.212 30.8513 96.4449 17.8921 11.8524
threshold=2.2057249897264457 2.9529159232009801 4.6130365371917739 32.500000000000007 8.5000000000000018 5.5000000000000009 11.500000000000002 4.5000000000000009
decision_type=2 2 2 2 2 2 2 2
left_child=7 -2 3 -3 5 -4 -6 -1
right_child=1 2 4 -5 6 -7 -8 -9
leaf_value=-0.014769468754529953 -0.1251124737598002 0.18400482604199131 0.053596767680398352 -0.03023985375960668 0.093378328549720002 -0.20659827576684103 -0.00052192302310894996 0.089464218122884631
leaf_weight=20 20 23 29 33 21 28 602 24
leaf_count=20 20 23 29 33 21 28 602 24
internal_value=-1.19326e-11 -0.00244941 0.000883828 0.0577535 -0.00379956 -0.0742183 0.00264325 0.0420853
internal_weight=800 756 736 56 680 57 623 44
internal_count=800 756 736 56 680 57 623 44
is_linear=0
shrinkage=0.1


Tree=85
num_leaves=6
num_cat=0
split_feature=0 1 1 1 0
split_gain=6.7917 35.3681 77.33 15.7074 3.68282
threshold=28.853347999077204 2.5000000000000004 7.5000000000000009 11.500000000000002 27.650288110694461
decision_type=2 2 2 2 2
left_child=1 -1 -3 -4 -5
right_child=-2 2 3 4 -6
leaf_value=0.11517664217948914 0.046679783264795938 -0.14471233859658242 0.073795261156970063 0.00030894702646967976 -0.033941643143242058
leaf_weight=25 30 38 29 645 33
leaf_count=25 30 38 29 645 33
internal_value=-1.65426e-10 -0.00181869 -0.00574471 0.00172455 -0.00135812
internal_weight=800 770 745 707 678
internal_count=800 770 745 707 678
is_linear=0
shrinkage=0.1


Tree=86
num_leaves=8
num_cat=0
split_feature=0 1 0 1 2 1 2
split_gain=6.44164 27.1192 57.8684 50.0364 789.518 24.3852 9.8705
threshold=2.2057249897264457 2.5000000000000004 28.853347999077204 8.5000000000000018 5.5000000000000009 11.500000000000002 4.5000000000000009
decision_type=2 2 2 2 2 2 2
left_child=6 -2 3 4 -3 -5 -1
right_child=1 2 -4 5 -6 -7 -8
leaf_value=-0.014688757359981536 -0.11156406788663431 0.31655355635143462 0.1421066740261657 0.10817657297565825 -0.56135316556319592 -0.0013252160937079916 0.080431988726680489
leaf_weight=20 22 21 28 21 20 644 24
leaf_count=20 22 21 28 21 20 644 24
internal_value=2.52156e-10 -0.0021648 0.00111419 -0.00447758 -0.111694 0.00213274 0.0371953
internal_weight=800 756 734 706 41 665 44
internal_count=800 756 734 706 41 665 44
is_linear=0
shrinkage=0.1


Tree=87
num_leaves=11
num_cat=0
split_feature=2 1 1 0 1 0 1 0 1 1
split_gain=9.27489 116.013 54.093 48.1433 72.4149 26.1355 11.9477 6.21236 12.2062 3.98507
threshold=7.5000000000000009 3.5000000000000004 8.5000000000000018 7.7623064839483211 27.500000000000004 11.884537854811326 13.500000000000002 24.822671958205934 25.500000000000004 96.500000000000014
decision_type=2 2 2 2 2 2 2 2 2 2
left_child=1 -1 -3 4 -2 -5 -4 8 -7 -8
right_child=3 2 6 5 -6 7 9 -9 -10 -11
leaf_value=-0.22135088170568148 0.25118943665176635 0.13374757011731467 -0.062432023854644018 -0.10073578337637278 0.00013600979690198546 0.089327082639052119 0.0015243051866964093 -0.026508396719732593 0.00071939253863298675 -0.038615019880951597
leaf_weight=24 20 30 33 26 27 22 508 31 53 26
leaf_count=24 20 30 33 26 27 22 508 31 53 26
internal_value=-4.65778e-10 -0.00578083 0.0028853 0.0200553 0.106967 -0.0108907 -0.00403862 0.0111468 0.026711 -0.000430044
internal_weight=800 621 597 179 47 132 567 106 75 534
internal_count=800 621 597 179 47 132 567 106 75 534
is_linear=0
shrinkage=0.1


Tree=88
num_leaves=9
num_cat=0
split_feature=1 0 1 2 1 1 0 1
split_gain=9.14108 43.659 18.3514 2.88632 12.9948 7.03968 2.93896 1.07531
threshold=6.5000000000000009 7.6458588079170653 9.5000000000000018 8.5000000000000018 32.500000000000007 12.500000000000002 26.960005380414191 55.500000000000007
decision_type=2 2 2 2 2 2 2 2
left_child=1 -1 -2 5 -5 -4 -7 -6
right_child=2 -3 3 4 7 6 -8 -9
leaf_value=-0.073675588619979956 -0.092982319810173741 0.10421408873957556 -0.053398791113151961 0.087329715564846991 -0.023923200445080346 0.0020830840572115257 -0.020395647182774087 0.0046184586078831646
leaf_weight=22 22 37 26 20 22 553 65 33
leaf_count=22 22 37 26 20 22 553 65 33
internal_value=2.26602e-10 0.0378823 -0.00301627 -0.000263487 0.0183026 -0.00242568 -0.000281184 -0.00679821
internal_weight=800 59 741 719 75 644 618 55
internal_count=800 59 741 719 75 644 618 55
is_linear=0
shrinkage=0.1


Tree=89
num_leaves=9
num_cat=0
split_feature=1 0 2 1 1 1 0 0
split_gain=7.40427 35.3638 17.2583 52.3742 29.8774 5.08196 2.78971 1.95714
threshold=6.5000000000000009 7.6458588079170653 8.5000000000000018 27.500000000000004 11.500000000000002 15.500000000000002 3.4098144128026133 11.982835068448063
decision_type=2 2 2 2 2 2 2 2
left_child=1 -1 4 -4 -2 -6 -7 -5
right_child=2 -3 3 7 5 6 -8 -9
leaf_value=-0.066308015940541573 0.09685321305878461 0.093792663313247066 -0.18672635257244111 -0.024480484638895308 -0.039230373416628161 0.020617696188263975 -0.0022946534770166625 0.013385140790771216
leaf_weight=22 32 37 20 21 35 59 535 39
leaf_count=22 32 37 20 21 35 59 535 39
internal_value=-4.16156e-10 0.0340941 -0.00271465 -0.0465825 0.00259462 -0.00220073 -1.88477e-05 0.000132172
internal_weight=800 59 741 80 661 629 594 60
internal_count=800 59 741 80 661 629 594 60
is_linear=0
shrinkage=0.1


Tree=90
num_leaves=11
num_cat=0
split_feature=2 1 0 1 1 0 1 0 1 0
split_gain=8.3059 95.1607 40.8548 61.3703 38.0948 21.9339 9.26928 5.42113 10.2421 3.2984
threshold=7.5000000000000009 3.5000000000000004 7.9278249823016749 27.500000000000004 8.5000000000000018 11.884537854811326 13.500000000000002 24.822671958205934 25.500000000000004 28.3904975822369
decision_type=2 2 2 2 2 2 2 2 2 2
left_child=1 -1 3 -2 -3 -4 -6 8 -7 -8
right_child=2 4 5 -5 6 7 9 -9 -10 -11
leaf_value=-0.20070865194623672 0.23169267457909881 0.11219699740409853 -0.09419681523740292 0.0023388933390378953 -0.054865669097864271 0.081828744857656691 0.0014135747476355146 -0.025243770859895216 0.00066225673862785675 -0.037298648415700249
leaf_weight=24 20 30 25 28 33 22 511 31 53 23
leaf_count=24 20 30 25 28 33 22 511 31 53 23
internal_value=2.48954e-10 -0.00547053 0.0189788 0.097903 0.00237824 -0.00994004 -0.00343227 0.00993184 0.0244711 -0.000253806
internal_weight=800 621 179 48 597 131 567 106 75 534
internal_count=800 621 179 48 597 131 567 106 75 534
is_linear=0
shrinkage=0.1


Tree=91
num_leaves=12
num_cat=0
split_feature=2 1 0 1 0 0 1 2 0 1 0
split_gain=6.72778 77.0802 33.0924 49.71 31.9029 29.1535 38.8918 25.3739 17.7664 4.57072 2.35611
threshold=7.5000000000000009 3.5000000000000004 7.9278249823016749 27.500000000000004 28.853347999077204 26.960005380414191 8.5000000000000018 4.5000000000000009 11.884537854811326 65.500000000000014 18.018916741366215
decision_type=2 2 2 2 2 2 2 2 2 2 2
left_child=1 -1 3 -2 5 6 -3 -7 -4 10 -10
right_child=2 4 8 -5 -6 7 -8 -9 9 -11 -12
leaf_value=-0.18063778970390559 0.2085234047472477 0.1286095102628072 -0.084777140274643906 0.0021050042339733669 0.1176238760676073 -0.0060232408965627355 -0.001690663463736016 -0.15300809753977734 -0.0032690306956117809 -0.020017252689123983 0.036250780204621455
leaf_weight=24 20 24 25 28 23 24 503 23 22 36 48
leaf_count=24 20 24 25 28 23 24 503 23 22 36 48
internal_value=1.00146e-10 -0.00492347 0.0170809 0.0881127 0.00214042 -0.00248697 0.00424331 -0.077952 -0.00894604 0.00893866 0.0238303
internal_weight=800 621 179 48 597 574 527 47 131 106 70
internal_count=800 621 179 48 597 574 527 47 131 106 70
is_linear=0
shrinkage=0.1


Tree=92
num_leaves=8
num_cat=0
split_feature=1 2 1 1 1 0 1
split_gain=7.88761 87.6811 28.1891 7.89391 3.03945 8.78306 7.54428
threshold=5.5000000000000009 5.5000000000000009 8.5000000000000018 11.500000000000002 35.500000000000007 10.021962460683305 39.500000000000007
decision_type=2 2 2 2 2 2 2
left_child=1 -1 -2 -4 5 -5 -6
right_child=2 -3 3 4 6 -7 -8
leaf_value=-0.083765353427992933 -0.1069657325744629 0.18193503077263418 0.056251136742532251 -0.038408562183380131 0.046684214029763194 0.0048779287397861483 -0.0002405859292615567
leaf_weight=27 25 23 25 75 37 125 463
leaf_count=27 25 23 25 75 37 125 463
internal_value=-2.10013e-10 0.0384568 -0.00256379 0.00103628 -0.000935681 -0.0113545 0.00323185
internal_weight=800 50 750 725 700 200 500
internal_count=800 50 750 725 700 200 500
is_linear=0
shrinkage=0.1


Tree=93
num_leaves=10
num_cat=0
split_feature=1 2 1 2 1 1 1 1 0
split_gain=7.16474 27.6215 20.5306 2.70969 6.73988 3.48851 10.7419 6.75828 1.72101
threshold=6.5000000000000009 4.5000000000000009 10.500000000000002 8.5000000000000018 34.500000000000007 44.500000000000007 40.500000000000007 50.500000000000007 17.922521314119987
decision_type=2 2 2 2 2 2 2 2 2
left_child=1 -1 -2 5 -5 6 -4 -7 -6
right_child=2 -3 3 4 8 7 -8 -9 -10
leaf_value=0.11914032321909201 -0.081020524725317955 -0.021152237430214882 -0.003217635765347792 0.06857719838619232 0.018130920178912307 0.040798853580718455 -0.069892500879036062 -9.297479808263414e-05 -0.017915453443017145
leaf_weight=23 32 36 230 20 27 46 27 333 26
leaf_count=23 32 36 230 20 27 46 27 333 26
internal_value=3.1956e-11 0.0335381 -0.00267037 0.000865881 0.0191134 -0.00122856 -0.0102224 0.00487015 0.000447793
internal_weight=800 59 741 709 73 636 257 379 53
internal_count=800 59 741 709 73 636 257 379 53
is_linear=0
shrinkage=0.1


Tree=94
num_leaves=9
num_cat=0
split_feature=1 0 1 0 1 1 1 1
split_gain=5.80344 25.8489 16.6298 2.59932 12.3873 8.74654 3.80285 3.43485
threshold=6.5000000000000009 7.6458588079170653 10.500000000000002 6.6110360218728017 25.500000000000004 14.500000000000002 54.500000000000007 93.500000000000014
decision_type=2 2 2 2 2 2 2 2
left_child=1 -1 -2 4 -4 -5 -6 -7
right_child=2 -3 3 5 6 7 -8 -9
leaf_value=-0.055654692107980901 -0.072918474674224854 0.081223658764281795 -0.063989670399357296 0.049591111850280034 0.028682069444940207 -0.0019189943325662964 -0.0089920399458827197 0.027908518300613479
leaf_weight=22 32 37 34 39 42 478 74 42
leaf_count=22 32 37 34 39 42 478 74 42
internal_value=-4.34229e-11 0.0301843 -0.00240334 0.000779293 -0.0109094 0.0039158 0.00464859 0.000490151
internal_weight=800 59 741 709 150 559 116 520
internal_count=800 59 741 709 150 559 116 520
is_linear=0
shrinkage=0.1


Tree=95
num_leaves=8
num_cat=0
split_feature=0 0 1 1 1 1 0
split_gain=5.83901 22.5028 19.9654 66.0765 21.4881 9.65065 6.17483
threshold=2.2057249897264457 2.9529159232009801 6.5000000000000009 2.5000000000000004 10.500000000000002 30.500000000000004 4.9871553590434354
decision_type=2 2 2 2 2 2 2
left_child=5 -2 3 -3 -4 -1 -6
right_child=1 2 4 -5 6 -7 -8
leaf_value=0.078165206188956893 -0.10672126635909081 -0.071635670676117855 -0.089415114692279279 0.16302105465105601 -0.030838960794321565 -0.015890274159610272 0.00306524566578446
leaf_weight=24 20 21 28 28 59 20 600
leaf_count=24 20 21 28 28 59 20 600
internal_value=1.06767e-10 -0.00206106 0.00078297 0.0624539 -0.00361568 0.0354127 2.9816e-05
internal_weight=800 756 736 49 687 44 659
internal_count=800 756 736 49 687 44 659
is_linear=0
shrinkage=0.1


Tree=96
num_leaves=12
num_cat=0
split_feature=0 1 1 2 1 2 1 0 0 1 0
split_gain=6.98979 36.0662 28.9504 55.8313 12.7409 8.63365 5.19368 12.9155 6.80621 5.00067 3.08411
threshold=4.644310393157224 9.5000000000000018 8.5000000000000018 5.5000000000000009 11.500000000000002 4.5000000000000009 43.500000000000007 6.9594503600217088 16.204368037799302 54.500000000000007 2.7820395652082235
decision_type=2 2 2 2 2 2 2 2 2 2 2
left_child=1 -1 3 -2 -4 10 7 -6 -8 -7 -3
right_child=2 5 4 -5 6 9 8 -9 -10 -11 -12
leaf_value=0.14480654053390027 0.025048377596098806 0.057669184960070112 0.078835257462092814 -0.17292118327958245 -0.089328235238790521 -0.00047013570137065036 0.021832059254780056 -0.0049873844715695699 -0.0051230895815980301 -0.060866383892985487 0.0069731263976011955
leaf_weight=20 29 21 21 28 20 29 166 197 215 26 28
leaf_count=20 29 21 21 28 20 29 166 197 215 26 28
internal_value=-4.0856e-10 0.0218248 -0.00400336 -0.0721998 0.00227644 -0.00182557 -0.000412077 -0.0127607 0.00662115 -0.0290211 0.0287
internal_weight=800 124 676 57 619 104 598 217 381 55 49
internal_count=800 124 676 57 619 104 598 217 381 55 49
is_linear=0
shrinkage=0.1


Tree=97
num_leaves=13
num_cat=0
split_feature=2 1 0 2 1 1 1 1 0 0 0 1
split_gain=6.13344 68.0006 30.5592 24.6874 275.932 63.1533 35.8439 24.108 20.6073 6.09178 5.55689 5.54645
threshold=7.5000000000000009 3.5000000000000004 6.5493280544929666 5.5000000000000009 8.5000000000000018 15.500000000000002 13.500000000000002 31.500000000000004 10.557580896723328 15.377877238715035 21.009066107625902 65.500000000000014
decision_type=2 2 2 2 2 2 2 2 2 2 2 2
left_child=1 -1 7 4 -3 -5 -6 -2 -4 -10 -7 -11
right_child=2 3 8 5 6 10 -8 -9 9 11 -12 -13
leaf_value=-0.16974203074350955 0.17039384528994561 0.35916963707317007 -0.097721258302529659 -0.18941644152457066 -0.1283807544545694 0.0071163480537032465 0.0027337775878458846 0.018696302785114808 0.054800690834720937 0.015308319149358618 -0.037529274262487894 -0.037069225450977683
leaf_weight=24 20 22 21 22 22 92 399 22 24 62 40 30
leaf_count=24 20 22 21 22 22 92 399 22 24 62 40 30
internal_value=2.58733e-11 -0.00470097 0.016309 0.00193384 0.0139236 -0.032556 -0.00411781 0.0909332 -0.00656855 0.00993324 -0.00641263 -0.00177131
internal_weight=800 621 179 597 443 154 421 42 137 116 132 92
internal_count=800 621 179 597 443 154 421 42 137 116 132 92
is_linear=0
shrinkage=0.1


Tree=98
num_leaves=11
num_cat=0
split_feature=2 1 0 1 0 1 1 0 0 1
split_gain=4.96809 55.0805 25.9727 37.4356 24.3175 37.1257 32.3282 12.7663 3.94188 7.50058
threshold=7.5000000000000009 3.5000000000000004 7.9278249823016749 27.500000000000004 28.853347999077204 7.5000000000000009 11.500000000000002 11.884537854811326 24.822671958205934 25.500000000000004
decision_type=2 2 2 2 2 2 2 2 2 2
left_child=1 -1 3 -2 5 -3 -7 -4 9 -9
right_child=2 4 7 -5 -6 6 -8 8 -10 -11
leaf_value=-0.15276783537119629 0.18209906309843063 -0.12404612476627033 -0.072660230249166499 0.0029688890225120952 0.10256448549663891 0.12781815454363823 -0.0016965762990579572 0.068263164162635809 -0.023214113375832957 -0.001195893838193338
leaf_weight=24 20 24 25 28 23 20 530 22 31 53
leaf_count=24 20 24 25 28 23 20 530 22 31 53
internal_value=-1.2829e-10 -0.00423088 0.0146781 0.0776065 0.00174046 -0.00229953 0.00301305 -0.00837966 0.00678085 0.0191788
internal_weight=800 621 179 48 597 574 550 131 106 75
internal_count=800 621 179 48 597 574 550 131 106 75
is_linear=0
shrinkage=0.1


Tree=99
num_leaves=8
num_cat=0
split_feature=1 2 1 1 1 0 1
split_gain=7.42458 81.6206 26.6806 7.16069 2.77977 7.26574 6.23247
threshold=5.5000000000000009 5.5000000000000009 8.5000000000000018 11.500000000000002 35.500000000000007 10.021962460683305 39.500000000000007
decision_type=2 2 2 2 2 2 2
left_child=1 -1 -2 -4 5 -5 -6
right_child=2 -3 3 4 6 -7 -8
leaf_value=-0.080611621228335595 -0.10405754041671754 0.17574182794145918 0.053603109806776052 -0.035433416947722438 0.042616745728898696 0.0039369403153657915 -3.373357673531668e-05
leaf_weight=27 25 23 25 75 37 125 463
leaf_count=27 25 23 25 75 37 125 463
internal_value=-3.51847e-10 0.037311 -0.0024874 0.00101502 -0.000863125 -0.0108269 0.0031224
internal_weight=800 50 750 725 700 200 500
internal_count=800 50 750 725 700 200 500
is_linear=0
shrinkage=0.1


end of trees

feature_importances:
available_stock=538
distance_km=397
required_stock=158

parameters:
[boosting: gbdt]
[objective: regression]
[metric: l2]
[tree_learner: serial]
[device_type: cpu]
[data_sample_strategy: bagging]
[data: ]
[valid: ]
[num_iterations: 100]
[learning_rate: 0.1]
[num_leaves: 31]
[num_threads: 2]
[seed: 42]
[deterministic: 0]
[force_col_wise: 0]
[force_row_wise: 0]
[histogram_pool_size: -1]
[max_depth: 5]
[min_data_in_leaf: 20]
[min_sum_hessian_in_leaf: 0.001]
[bagging_fraction: 1]
[pos_bagging_fraction: 1]
[neg_bagging_fraction: 1]
[bagging_freq: 0]
[bagging_seed: 400]
[bagging_by_query: 0]
[feature_fraction: 1]
[feature_fraction_bynode: 1]
[feature_fraction_seed: 30056]
[extra_trees: 0]
[extra_seed: 12879]
[early_stopping_round: 0]
[early_stopping_min_delta: 0]
[first_metric_only: 0]
[max_delta_step: 0]
[lambda_l1: 0]
[lambda_l2: 0]
[linear_lambda: 0]
[min_gain_to_split: 0]
[drop_rate: 0.1]
[max_drop: 50]
[skip_drop: 0.5]
[xgboost_dart_mode: 0]
[uniform_drop: 0]
[drop_seed: 17869]
[top_rate: 0.2]
[other_rate: 0.1]
[min_data_per_group: 100]
[max_cat_threshold: 32]
[cat_l2: 10]
[cat_smooth: 10]
[max_cat_to_onehot: 4]
[top_k: 20]
[monotone_constraints: ]
[monotone_constraints_method: basic]
[monotone_penalty: 0]
[feature_contri: ]
[forcedsplits_filename: ]
[refit_decay_rate: 0.9]
[cegb_tradeoff: 1]
[cegb_penalty_split: 0]
[cegb_penalty_feature_lazy: ]
[cegb_penalty_feature_coupled: ]
[path_smooth: 0]
[interaction_constraints: ]
[verbosity: 1]
[saved_feature_importance_type: 0]
[use_quantized_grad: 0]
[num_grad_quant_bins: 4]
[quant_train_renew_leaf: 0]
[stochastic_rounding: 1]
[linear_tree: 0]
[max_bin: 255]
[max_bin_by_feature: ]
[min_data_in_bin: 3]
[bin_construct_sample_cnt: 200000]
[data_random_seed: 175]
[is_enable_sparse: 1]
[enable_bundle: 1]
[use_missing: 1]
[zero_as_missing: 0]
[feature_pre_filter: 1]
[pre_partition: 0]
[two_round: 0]
[header: 0]
[label_column: ]
[weight_column: ]
[group_column: ]
[ignore_column: ]
[categorical_feature: ]
[forcedbins_filename: ]
[precise_float_parser: 0]
[parser_config_file: ]
[objective_seed: 16083]
[num_class: 1]
[is_unbalance: 0]
[scale_pos_weight: 1]
[sigmoid: 1]
[boost_from_average: 1]
[reg_sqrt: 0]
[alpha: 0.9]
[fair_c: 1]
[poisson_max_delta_step: 0.7]
[tweedie_variance_power: 1.5]
[lambdarank_truncation_level: 30]
[lambdarank_norm: 1]
[label_gain: ]
[lambdarank_position_bias_regularization: 0]
[eval_at: ]
[multi_error_top_k: 1]
[auc_mu_weights: ]
[num_machines: 1]
[local_listen_port: 12400]
[time_out: 120]
[machine_list_filename: ]
[machines: ]
[gpu_platform_id: -1]
[gpu_device_id: -1]
[gpu_device_id_list: ]
[gpu_use_dp: 0]
[num_gpu: 1]

end of parameters

pandas_categorical:[]
